Date,Close,High,Low,Open,Volume
2014-01-02,3.2039406299591064,3.2468838946905754,3.1890038131948395,3.2356814490489727,13127000
2014-01-03,3.207674741744995,3.2226113347261927,3.1964720744336517,3.2132758528252214,4642000
2014-01-06,3.230079174041748,3.265553908769818,3.2244778415648425,3.230079174041748,11781500
2014-01-07,3.2338144779205322,3.2450171468804427,3.2114093625761893,3.241282775510154,17191500
2014-01-08,3.407453775405884,3.420523403798977,3.222610902441005,3.2487503818026076,42864500
2014-01-09,3.375713348388672,3.396251497189861,3.3570423849604785,3.390650163646315,13011000
2014-01-10,3.323434829711914,3.329036163632043,3.2618206017414115,3.3103651989485847,17033500
2014-01-13,3.27675724029541,3.3178333158562543,3.2692889438572363,3.3010295375826413,24355000
2014-01-14,3.2730228900909424,3.286092519338913,3.2394151130422815,3.256218890278897,14303500
2014-01-15,3.2506179809570312,3.2692889446323363,3.2375481283239624,3.246883610161615,13571000
2014-01-16,3.2132761478424072,3.2338142989403695,3.205807850666129,3.226346001764092,11705000
2014-01-17,3.1834025382995605,3.220744467006226,3.1834025382995605,3.2039404655429555,9680500
2014-01-21,3.1460607051849365,3.1852698233224137,3.1404595933728467,3.183402860243542,14266500
2014-01-22,3.1946051120758057,3.19833948315729,3.146060513771115,3.1497948848525996,19626500
2014-01-23,3.1348578929901123,3.170332635677215,3.1124527806311293,3.1647315245190555,11469000
2014-01-24,3.121788740158081,3.1572634882712567,3.1049847363869856,3.149795190534425,15650000
2014-01-27,3.030301332473755,3.086314241798652,2.9425475964710026,3.075111570903466,33966500
2014-01-28,3.0657753944396973,3.0751108772212863,2.992958717773492,2.998559829382072,10703000
2014-01-29,2.996692657470703,3.035901771450283,2.994825472014361,3.0228319184067893,11498000
2014-01-30,3.011629343032837,3.080711863295411,2.9966925277550107,3.0284331211107403,12195500
2014-01-31,2.9406800270080566,2.950015509971634,2.9033378725782755,2.936945655762249,23952500
2014-02-03,2.8473243713378906,2.9257425896724443,2.843590223458965,2.91267273823307,14380500
2014-02-04,3.006028175354004,3.050838401084664,2.852926088527433,2.852926088527433,39691000
2014-02-05,2.96868634223938,2.979888787746022,2.925743078025267,2.961217822659491,14067000
2014-02-06,3.0844461917877197,3.125522491846922,2.88466669309664,2.88466669309664,31628000
2014-02-07,3.1404592990875244,3.1497947813335,3.0844461830362158,3.123655297499496,18125500
2014-02-10,3.1143202781677246,3.1348584311918546,3.0844466415099876,3.11805442710607,11094000
2014-02-11,3.1946051120758057,3.20767496571008,3.125522585700254,3.1367250312183255,24315500
2014-02-12,3.2338144779205322,3.241282775510154,3.194605359136324,3.1964725448214684,13905500
2014-02-13,3.2114086151123047,3.2263454293904426,3.1273890626197067,3.1441930621483967,21296500
2014-02-14,3.185269355773926,3.1983392082849478,3.134857798836434,3.134857798836434,20059500
2014-02-18,3.237548589706421,3.2468840728744714,3.2114093258660694,3.2300802922021705,9163500
2014-02-19,3.187136650085449,3.220744430050918,3.1778011680158995,3.194604946710909,13277000
2014-02-20,3.2058072090148926,3.21514268990445,3.170332248089321,3.192737580284596,8962000
2014-02-21,3.196472406387329,3.2356815234734526,3.196472406387329,3.2188775207613416,7017500
2014-02-24,3.248750925064087,3.263687741114845,3.2338141090133283,3.248750925064087,9817000
2014-02-25,3.226346015930176,3.2394156473337805,3.2058078647420354,3.2226116447501747,9754000
2014-02-26,3.2450172901153564,3.273023741175858,3.2039409838328976,3.239415955388159,8785000
2014-02-27,3.2711563110351562,3.2935616482701473,3.2244788960880437,3.2450170476949616,15480500
2014-02-28,3.27675724029541,3.297295389363554,3.2543521284054444,3.2730230920763232,11012000
2014-03-03,3.2132761478424072,3.226346001764092,3.181535550980028,3.2114091848360706,9114000
2014-03-04,3.2412822246551514,3.271155855087579,3.2319467429669477,3.2543520770789884,7286000
2014-03-05,3.2636873722076416,3.284225297202432,3.2543518910530747,3.261820186946557,5012000
2014-03-06,3.3346376419067383,3.3458403102319525,3.327169122164774,3.3402389760693456,8012500
2014-03-07,3.3514416217803955,3.358910141967964,3.308498354072183,3.3477074729743506,7617000
2014-03-10,3.368245840072632,3.3925181427230493,3.3346380535240145,3.385049622059194,8034000
2014-03-11,3.3327701091766357,3.368245073460998,3.3178332938240325,3.368245073460998,8406000
2014-03-12,3.3309035301208496,3.3327704931453663,3.3028970815738847,3.310365378822888,7572500
2014-03-13,3.291693687438965,3.3402382765817635,3.2674213928675657,3.3383710913934177,12166000
2014-03-14,3.2058072090148926,3.235680836891645,3.196471728125335,3.222610985585928,15427500
2014-03-17,3.2151432037353516,3.2375483169358983,3.2020735729163206,3.2020735729163206,6010500
2014-03-18,3.2020740509033203,3.2132764978881014,3.1591307810229345,3.1703332280077157,9698000
2014-03-19,3.2020740509033203,3.2394159860035705,3.181535897567987,3.2058081998982475,17635500
2014-03-20,3.2879602909088135,3.2898272539483253,3.231947170789527,3.2338143564045088,15960000
2014-03-21,3.3159658908843994,3.3327696668160507,3.287959449281372,3.287959449281372,20048500
2014-03-24,3.2954282760620117,3.31970057388026,3.2748901265445443,3.312232277278698,14252000
2014-03-25,3.407453775405884,3.407453775405884,3.345839558609396,3.3533078540981878,16915500
2014-03-26,3.3927927017211914,3.458581089098872,3.387153895553797,3.4416639983766015,11586500
2014-03-27,3.434145927429199,3.456701827515295,3.4172288343095816,3.443544237804522,14368000
2014-03-28,3.5055737495422363,3.5318889336062513,3.496175437508883,3.496175437508883,14830500
2014-03-31,3.593916893005371,3.618352542682678,3.5863983349846804,3.593916893005371,14943500
2014-04-01,3.6540660858154297,3.6578253646532985,3.6258711584213636,3.6503068069775604,11150000
2014-04-02,3.6258718967437744,3.637149735553845,3.5863989007250012,3.6070752746535795,7212500
2014-04-03,3.5882785320281982,3.6239920231705396,3.56196312754185,3.6183529919182216,9281500
2014-04-04,3.5769999027252197,3.6352695096436425,3.5619625631262686,3.6202321700446913,6893000
2014-04-07,3.5807597637176514,3.620232758572708,3.5563241109061123,3.605195416529191,9109500
2014-04-08,3.5525641441345215,3.573240513453482,3.545045586604005,3.5563234228997795,8981500
2014-04-09,3.537527561187744,3.546925872146568,3.4886562545724966,3.5112123801324007,5718500
2014-04-10,3.4115896224975586,3.486776096577934,3.4078301195348457,3.458581168797793,12859000
2014-04-11,3.454822301864624,3.4604611088343344,3.4341459293977037,3.4454237674105195,6329500
2014-04-14,3.4942948818206787,3.5187305323021336,3.4773780136807235,3.4961746334243995,5385000
2014-04-15,3.4867758750915527,3.5036927410557,3.4454231377154536,3.492414905104053,6567000
2014-04-16,3.5300087928771973,3.535647823933029,3.5074528927272657,3.5243697618213656,5135500
2014-04-17,3.5168509483337402,3.54316612592323,3.5130914451866313,3.5337678162022153,4809000
2014-04-21,3.5713613033294678,3.580759613703753,3.533768061832325,3.53564781353654,6468500
2014-04-22,3.511212110519409,3.5243697000367584,3.4905357383682953,3.5036933278856446,7374000
2014-04-23,3.507453203201294,3.5224903219167127,3.4999344197701694,3.520610794113993,3622000
2014-04-24,3.4115896224975586,3.419108180276249,3.355199542863909,3.413469149905547,13162500
2014-04-25,3.3589589595794678,3.381515081987807,3.340162340288103,3.3702370207836374,5894000
2014-04-28,3.373997211456299,3.3796362435820084,3.3251261225381703,3.3589598671455527,7189500
2014-04-29,3.3758761882781982,3.3927930566970583,3.3664778782514126,3.3796354674742357,4968500
2014-04-30,3.3157272338867188,3.321366040958638,3.2818932710882116,3.306328699262257,7395500
2014-05-01,3.2255032062530518,3.287532101138299,3.1503167213190313,3.167233590799826,19211500
2014-05-02,3.313847303390503,3.3326439234786958,3.287531900823001,3.3082082725493676,6883000
2014-05-05,3.3157272338867188,3.3232457926982097,3.2912915816392747,3.2988101404507657,3759500
2014-05-06,3.2912912368774414,3.3082081044679588,3.2818929273108486,3.30632835292529,6018500
2014-05-07,3.29880952835083,3.3044485584498156,3.2536975116323017,3.2762536320282445,6816500
2014-05-08,3.287532091140747,3.311967743484674,3.257457631702637,3.257457631702637,14654500
2014-05-09,3.2668557167053223,3.280013305805515,3.2574574067661297,3.26873524424913,7381500
2014-05-12,3.280013084411621,3.287531642226135,3.242419847192315,3.244299374609259,5840500
2014-05-13,3.3157272338867188,3.325125544437782,3.2931711093054483,3.3082084510018293,10365000
2014-05-14,3.101445436477661,3.2311422582690463,3.0600929143120292,3.14843698986438,35936000
2014-05-15,3.0807690620422363,3.114602798746674,3.0600926904354044,3.10332496120299,19089500
2014-05-16,3.0788893699645996,3.0807691216282627,3.0356570983608466,3.0544537187039227,8677000
2014-05-19,3.0676109790802,3.0751297608549577,3.011221124099665,3.011221124099665,18729000
2014-05-20,3.0093417167663574,3.0281383372426616,2.9943045996440265,3.024379057962079,15940000
2014-05-21,3.016859769821167,3.0318971073803467,3.007461461855847,3.0224987994150267,7113000
2014-05-22,3.0412957668304443,3.0770092515967598,3.037536488024521,3.069490693984913,11380000
2014-05-23,3.0281388759613037,3.0563340357651887,3.016861036113181,3.016861036113181,12719000
2014-05-27,3.127760171890259,3.140917759209872,3.097685494525411,3.1014447731776786,12347500
2014-05-28,3.069490909576416,3.0788892192880137,3.0488145385815497,3.0619721273631106,18044000
2014-05-29,3.0469346046447754,3.052573410460856,3.0356565448659163,3.0450548533238493,14252500
2014-05-30,3.0412957668304443,3.050694075881934,3.026258427533388,3.035656736584878,11941000
2014-06-02,3.061972141265869,3.069490923513313,3.0488145524245667,3.0657316444262808,6248500
2014-06-03,3.022498846054077,3.030017402913015,3.0112207866923306,3.0187393435512684,10073000
2014-06-04,3.0525736808776855,3.0582127112666573,3.0375365652715858,3.041295844173111,7674500
2014-06-05,3.0525736808776855,3.060092462754104,3.0375365652715858,3.050694153463607,3126000
2014-06-06,3.0262582302093506,3.0488141256475196,3.0206192003314714,3.030017508770154,8500500
2014-06-09,3.063851833343506,3.0713703913715538,3.0356569046282638,3.041295935185987,8779500
2014-06-10,3.0412957668304443,3.046934797076011,3.0168601184818984,3.035656736584878,13593500
2014-06-11,3.005582094192505,3.0149804033571956,2.999943063879017,3.007461845654789,16268000
2014-06-12,3.024378776550293,3.048814425710483,3.020619497619503,3.0318975584852432,16636000
2014-06-13,3.048814296722412,3.052573575494156,3.0281379273677795,3.033776957562076,12545000
2014-06-16,3.05633282661438,3.0619716322708936,3.0337767076949564,3.060092105076503,13153500
2014-06-17,3.0300183296203613,3.050694703416157,3.016860739056405,3.0337776091995763,15447000
2014-06-18,3.063851833343506,3.0713703913715538,3.0375366561719632,3.048814493214035,11810500
2014-06-19,3.165353775024414,3.165353775024414,3.139038373248575,3.1409181248301987,15951000
2014-06-20,3.189789056777954,3.1973076140892505,3.1578346280215595,3.1597143793860605,20633000
2014-06-23,3.154076337814331,3.1747527130101467,3.1352797145721074,3.169113681222795,14947000
2014-06-24,3.127760171890259,3.1860297752571434,3.1221211418751804,3.1540753465294853,19390000
2014-06-25,3.178511619567871,3.18415065069299,3.140918377498275,3.142798129231114,8684500
2014-06-26,3.159714460372925,3.1691127692896113,3.1258805034581827,3.161594211785606,7111000
2014-06-27,3.1503162384033203,3.1521959898678813,3.12963986858661,3.1390381777626843,11884000
2014-06-30,3.152196168899536,3.157834975466749,3.1315197979084934,3.137158828549085,12131000
2014-07-01,3.2198643684387207,3.2255031754962835,3.169113312333473,3.169113312333473,25507500
2014-07-02,3.1803908348083496,3.204826482846277,3.172872053218717,3.1973077012566438,15489000
2014-07-03,3.165353775024414,3.1709928056959065,3.148436683009936,3.15031643459156,6473000
2014-07-07,3.1822705268859863,3.195428339330639,3.17663172049356,3.1803909994463013,6392500
2014-07-08,3.152196168899536,3.184150377098383,3.144677386687621,3.184150377098383,7471000
2014-07-09,3.1559555530548096,3.16723339063814,3.1446774913980935,3.1503165222264515,4355500
2014-07-10,3.1296398639678955,3.1390381731301003,3.088287348468868,3.1146025244936952,7961000
2014-07-11,3.1315197944641113,3.1352790735292446,3.1070841444306776,3.1240010122604667,5362500
2014-07-14,3.133399486541748,3.1484366025167825,3.1296399834746156,3.1427977960628315,5437000
2014-07-15,3.107084274291992,3.120241863606572,3.0882876541073383,3.120241863606572,7388000
2014-07-16,3.1503162384033203,3.159714547579395,3.1390381777626843,3.1409179292272458,10937500
2014-07-17,3.1390388011932373,3.1597151751163906,3.124001458710345,3.1390388011932373,16523500
2014-07-18,3.1559555530548096,3.1653538630776112,3.120241840524132,3.129640150546934,16908000
2014-07-21,3.140918016433716,3.152196077387483,3.1296399554799486,3.1465570469105995,8579000
2014-07-22,3.1371588706970215,3.1484367080563445,3.1296400883840914,3.1296400883840914,12047500
2014-07-23,3.1747517585754395,3.1803907886675136,3.1521958622804993,3.1521958622804993,11354500
2014-07-24,3.257457971572876,3.2724953148975677,3.2386613484353672,3.2386613484353672,18085500
2014-07-25,3.3232457637786865,3.33076432252475,3.3082084222131636,3.3100881739363777,10890000
2014-07-28,3.3288843631744385,3.3382826724249126,3.3082079931940482,3.321365581330039,8628000
2014-07-29,3.2837724685668945,3.3044488393295577,3.2818929410897097,3.3006895603018123,8900000
2014-07-30,3.295050859451294,3.3100882011404016,3.2837727971661135,3.293171107712631,8597500
2014-07-31,3.4642202854156494,3.592037339349166,3.3739962453848897,3.3739962453848897,39182500
2014-08-01,3.3871541023254395,3.404070970007052,3.358958949400458,3.396552411942641,18037500
2014-08-04,3.4397852420806885,3.45294283287631,3.4078308049112196,3.4097105567706283,8658500
2014-08-05,3.3852741718292236,3.4191081294773835,3.375875862708811,3.4021910386166216,8614500
2014-08-06,3.3364033699035645,3.3458016804187083,3.3100881900905215,3.3138474694818996,13198000
2014-08-07,3.2593369483947754,3.3138472807216814,3.2518183900402846,3.2988099399393147,12429500
2014-08-08,3.2743735313415527,3.2743735313415527,3.225502241128196,3.2518176374251317,20507500
2014-08-11,3.2649755477905273,3.276253607905459,3.2593365177330615,3.2668552991674678,9013000
2014-08-12,3.263096332550049,3.285652456485951,3.25181849465549,3.276254146203789,7674500
2014-08-13,3.372117280960083,3.3777563124127052,3.347681627380993,3.3533206588336153,13072500
2014-08-14,3.396552324295044,3.3984318517259573,3.357079335292042,3.3627183657315234,10091500
2014-08-15,3.460461139678955,3.466100170772323,3.422867897821029,3.4341459600077657,19724500
2014-08-18,3.4811370372772217,3.48677606760106,3.45482186119713,3.467979449237176,9966000
2014-08-19,3.545046091079712,3.5525646496801526,3.4961747879566722,3.4961747879566722,14970000
2014-08-20,3.561962842941284,3.571361152919755,3.53000863382916,3.535647664630919,16375000
2014-08-21,3.5394065380096436,3.5582031558115266,3.5375267866001114,3.5582031558115266,12802500
2014-08-22,3.545046091079712,3.556323928980373,3.5262494705052188,3.5375273084058794,6888000
2014-08-25,3.5657224655151367,3.582639559549617,3.560083658243716,3.563842937782465,4264000
2014-08-26,3.5469253063201904,3.556323615779741,3.543166027351045,3.5488050578414496,4050500
2014-08-27,3.5394065380096436,3.5544438770658218,3.5375267866001114,3.54504556816488,3631500
2014-08-28,3.5525641441345215,3.5657217318496053,3.537526805000128,3.537526805000128,4140000
2014-08-29,3.5920374393463135,3.605195028189573,3.577000098922569,3.5920374393463135,7003000
2014-09-02,3.646547555923462,3.654066113656486,3.620232155711146,3.631510216384048,11597500
2014-09-03,3.704817295074463,3.7480495663832647,3.6972987366178836,3.7217343877118485,10771000
2014-09-04,3.6879000663757324,3.7048169332877463,3.6822610360472723,3.693539096704192,9421500
2014-09-05,3.6221120357513428,3.623991563214631,3.5901576040683234,3.612713726214778,7272500
2014-09-08,3.6108341217041016,3.6202324316233465,3.6033155633980587,3.618352680010144,3972500
2014-09-09,3.6089541912078857,3.623991531148007,3.605194912241198,3.612713694247945,7364000
2014-09-10,3.665344476699829,3.6709832834280838,3.623991733536729,3.623991733536729,14518500
2014-09-11,3.7217345237731934,3.731132834224201,3.6822615302496047,3.684141281969165,16773000
2014-09-12,3.7254936695098877,3.749929320620708,3.7160953593959865,3.7292529487407706,11753500
2014-09-15,3.734891891479492,3.738651170621655,3.708576713410969,3.7254935815873935,12154500
2014-09-16,3.806319236755371,3.825115856150472,3.76684602232293,3.768725997965169,14151000
2014-09-17,3.548804759979248,3.608953890657192,3.4792570965572294,3.4905351565914358,78397000
2014-09-18,3.390913724899292,3.4059510666249593,3.3627187931911906,3.3833949419997587,50137500
2014-09-19,3.3251254558563232,3.3420423247682116,3.3119676421766404,3.3307642627780245,22333500
2014-09-22,3.263096332550049,3.29693029438051,3.2593370532518624,3.287531984098348,24955000
2014-09-23,3.2649755477905273,3.276253607905459,3.2536974876755953,3.2668552991674678,12480500
2014-09-24,3.261216878890991,3.270615189386275,3.253698096050726,3.2649761582744254,16925000
2014-09-25,3.2461791038513184,3.2818928134089105,3.2367807946109046,3.2818928134089105,12656500
2014-09-26,3.2743735313415527,3.2818923120292482,3.2612159452297513,3.268734501844114,8992000
2014-09-29,3.3420419692993164,3.347680999694627,3.325125102186753,3.327004629602944,20209000
2014-09-30,3.390913724899292,3.404071314881726,3.3777561349168574,3.392793252569126,15390000
2014-10-01,3.3401622772216797,3.3702369571493667,3.3270046887808316,3.362718399204131,11020500
2014-10-02,3.281893730163574,3.2931715699583695,3.236781698764105,3.2856530100951726,11552500
2014-10-03,3.3100879192352295,3.3251252596436753,3.272494680250805,3.293170827248211,9825000
2014-10-06,3.338282823562622,3.343921854182882,3.31572692515496,3.319486204210674,8333000
2014-10-07,3.2649755477905273,3.3138468428574246,3.263095796413587,3.3138468428574246,8022000
2014-10-08,3.3439218997955322,3.345801427312338,3.2743742279859593,3.306328436505466,14298500
2014-10-09,3.229262590408325,3.283772700341494,3.2236235594320064,3.268735359095774,13676000
2014-10-10,3.217984437942505,3.280013328790525,3.2161046863121405,3.257457429593077,10825500
2014-10-13,3.1916699409484863,3.242421008632353,3.1879106606946497,3.221744631126078,9495000
2014-10-14,3.204826831817627,3.231142010063384,3.1897894910743156,3.204826831817627,9728000
2014-10-15,3.202946424484253,3.214224483751218,3.131519238631263,3.210464981280004,22357500
2014-10-16,3.1747517585754395,3.199187406258856,3.1146024030244575,3.1146024030244575,9702500
2014-10-17,3.2405405044555664,3.248059287291849,3.2161048523660924,3.223623635202375,8531500
2014-10-20,3.295050859451294,3.295050859451294,3.261216896669151,3.264976176073078,6629000
2014-10-21,3.2762539386749268,3.2856522483617683,3.2518182886744635,3.264975877421366,28131000
2014-10-22,3.313847303390503,3.357079574408024,3.3100880241875417,3.3420422335227924,12433000
2014-10-23,3.3589589595794678,3.3796353304293194,3.3345235337593953,3.3439218434050773,8724000
2014-10-24,3.330763816833496,3.330763816833496,3.296929859466239,3.319485980426652,7097500
2014-10-27,3.2856523990631104,3.289411678295596,3.264976027174355,3.276254088945201,10611000
2014-10-28,3.330763816833496,3.33452331970914,3.2894113018616764,3.3063281685086237,6820500
2014-10-29,3.4510626792907715,3.481137361099943,3.4266270283299924,3.47173905104375,14894500
2014-10-30,3.5187301635742188,3.5450455629018016,3.4811369280262645,3.484896206766388,24488500
2014-10-31,3.7254936695098877,3.740531010506807,3.5901578246110026,3.5901578246110026,36996000
2014-11-03,3.7894020080566406,3.791281535484272,3.6897798840443334,3.691659411471965,31269000
2014-11-04,3.76120662689209,3.81383742498179,3.746169512093154,3.7818832199240173,25533500
2014-11-05,3.793160915374756,3.8307545994923373,3.7856423578099285,3.8063189512966065,11746500
2014-11-06,3.7029378414154053,3.7142156793254038,3.669103879538625,3.6860207484403187,13435000
2014-11-07,3.6879000663757324,3.6954186240981017,3.669103447996443,3.6860203149084567,12112000
2014-11-10,3.8533105850219727,3.872107204533426,3.830754910496284,3.8439124993396256,13952500
2014-11-11,3.8927836418151855,3.8927836418151855,3.8420323678605497,3.8533104287393574,15562500
2014-11-12,3.87774658203125,3.8871451167009705,3.8401533396459646,3.8401533396459646,13630500
2014-11-13,3.8363935947418213,3.8551906628984485,3.8157174471750106,3.823236005549599,10801000
2014-11-14,3.8796253204345703,3.8890238531922514,3.860828703065916,3.873986738556011,5873000
2014-11-17,3.808198928833008,3.8495516725481087,3.79504133950247,3.79504133950247,9753000
2014-11-18,3.9961650371551514,4.003684043579152,3.9623313008342103,3.9698498591114455,16645000
2014-11-19,3.9115803241729736,3.928496967619537,3.900302263110766,3.928496967619537,11052500
2014-11-20,3.8495514392852783,3.8627090278185343,3.8138377286111553,3.8288748446072343,9951500
2014-11-21,3.992406129837036,4.022480812205717,3.9284972617485456,3.9679704784216567,14414500
2014-11-24,4.0657124519348145,4.084509069474342,3.9886460063200544,3.9886460063200544,28007500
2014-11-25,4.122101783752441,4.133379394333935,4.095786164004542,4.114582779169239,14151000
2014-11-26,4.076992034912109,4.078872011277611,4.05443635184844,4.06007538465109,9148500
2014-11-28,4.133380889892578,4.144658952701406,4.110825212421738,4.116464243826153,8605500
2014-12-01,4.163455486297607,4.195410146293321,4.1559369273002424,4.182252107864423,22176500
2014-12-02,4.12774133682251,4.167214099232471,4.1239818340539225,4.148417481682959,13048000
2014-12-03,4.125862121582031,4.148418246056244,4.086389351898954,4.11082500403042,16337500
2014-12-04,4.157815933227539,4.163454963804594,4.127741701012248,4.142778817119893,11207000
2014-12-05,4.165334701538086,4.191649877296934,4.155936168397512,4.174732786531934,9208500
2014-12-08,3.9754879474639893,4.035637295716959,3.971728445143182,4.024359236901194,12798000
2014-12-09,3.8909034729003906,3.8965425030595937,3.8457916797734835,3.8683478004102962,15015500
2014-12-10,3.907820701599121,3.958571526680308,3.9021816712404633,3.951052968917675,9206000
2014-12-11,3.8984217643737793,3.962330619101451,3.892783182746064,3.92285741068063,9562000
2014-12-12,3.8213565349578857,3.864588806439699,3.8213565349578857,3.853310744636308,12054500
2014-12-15,3.7066965103149414,3.759327084114788,3.7048167589361287,3.7480490239886226,22241000
2014-12-16,3.7066965103149414,3.761206611420245,3.7048167589361287,3.7179745704411067,11657500
2014-12-17,3.832634210586548,3.855190331920584,3.783762913127292,3.785642440522884,11184500
2014-12-18,3.9736099243164062,3.996165602338192,3.9548133018915044,3.971729948371136,13207500
2014-12-19,3.868349075317383,3.909701379251224,3.858950539238959,3.8852657232235606,7828000
2014-12-22,3.9059410095214844,3.926617154533705,3.8909034464834655,3.9097000641709525,6459500
2014-12-23,3.920978307723999,3.945413956674804,3.9040612165703488,3.9247378106959445,9001500
2014-12-24,4.007442951202393,4.022480515350366,3.988646332127488,3.990525859590954,6787000
2014-12-26,3.998044729232788,4.0187208750652115,3.986766668543563,4.0187208750652115,5540000
2014-12-29,3.979248285293579,3.99804490455096,3.9660902484813354,3.986766843367181,5537500
2014-12-30,3.868349075317383,3.873988107335064,3.858950539238959,3.8721081312312595,7877500
2014-12-31,3.8476719856262207,3.892784236027593,3.8476719856262207,3.892784236027593,4231000
2015-01-02,3.864588975906372,3.889024628169658,3.840153323643086,3.847671882459452,6149500
2015-01-05,3.808198928833008,3.843912641671196,3.7988003946558946,3.843912641671196,5415500
2015-01-06,3.806319236755371,3.86834812557388,3.78752261736027,3.845792003041056,11045500
2015-01-07,4.046916484832764,4.078870694971104,4.035638422867048,4.058194098651696,12431500
2015-01-08,4.052554607391357,4.063832668076144,4.035637964510911,4.0469160251956975,6482500
2015-01-09,4.011202335357666,4.095786894613721,4.007442832395442,4.0939073672059765,15066000
2015-01-12,4.014962196350098,4.0262402593545925,3.992406518487934,4.018721700067204,9979500
2015-01-13,3.9811270236968994,4.039396397401485,3.945413319742477,4.022479757125529,8887500
2015-01-14,3.8909034729003906,3.9811275073009234,3.8570697400918896,3.9811275073009234,12103000
2015-01-15,3.9341351985931396,3.9961640736820394,3.928496169208089,3.9924050195231104,12284500
2015-01-16,3.8852648735046387,3.889024376743167,3.8232359830229123,3.8345140445917294,12934500
2015-01-20,3.9134602546691895,3.932256875659757,3.883385571454923,3.9303773480047384,5316500
2015-01-21,4.118343353271484,4.155936593384625,4.093907702383266,4.108945267316585,21364000
2015-01-22,4.1672139167785645,4.178491976443825,4.129620683325493,4.133379737782785,9618500
2015-01-23,4.248041152954102,4.300671970227051,4.21420740825118,4.231124056529202,14814000
2015-01-26,4.39277458190918,4.411571204046118,4.37585793568871,4.379616991228005,17967000
2015-01-27,4.3345046043396,4.353301223946666,4.311948481552416,4.323226542946008,8247500
2015-01-28,4.409692287445068,4.494277322857904,4.405933231384782,4.4905178186507335,17519500
2015-01-29,4.430367946624756,4.436006529516624,4.396533760392819,4.428487970847345,12854000
2015-01-30,4.377736568450928,4.436005950718491,4.373977065533424,4.402172217047877,11329000
2015-02-02,4.385253429412842,4.392771984192067,4.306307483864581,4.315706013448531,8135500
2015-02-03,4.396533489227295,4.398413016741993,4.3495417161857395,4.351421691847199,10221000
2015-02-04,4.875846862792969,4.9905060820079346,4.62021235620355,4.676602202265335,46101000
2015-02-05,5.041258335113525,5.071333017878674,4.981109417730016,4.990507504011557,17832500
2015-02-06,4.994266510009766,5.037498778151439,4.9848679765174815,5.001785067915547,9647500
2015-02-09,4.828855514526367,4.858930191301618,4.819456981969921,4.828855514526367,11959500
2015-02-10,4.898403644561768,4.911561233482415,4.843893313214255,4.868328963537389,10809000
2015-02-11,4.905921459197998,4.917199518891086,4.866448698418883,4.866448698418883,7784500
2015-02-12,5.095767498016357,5.101406527747492,5.01306247553752,5.014942002732337,14578500
2015-02-13,5.131481647491455,5.161556325943525,5.112685029477252,5.114564556834655,7761000
2015-02-17,4.999904155731201,5.01118176539312,4.943514314835129,4.9585514264821,11144000
2015-02-18,5.266818523406982,5.285615145157637,5.054416204663096,5.076972330022606,25108000
2015-02-19,5.1446404457092285,5.16719657189193,5.103287697089886,5.123964295472971,12881000
2015-02-20,5.123963832855225,5.133361919151624,5.054415932786647,5.076972056932865,11331000
2015-02-23,5.0807318687438965,5.092009931501593,5.063814774607351,5.084490924231918,7342000
2015-02-24,5.214187145233154,5.22734473420966,5.1559177586019524,5.161556789327135,8431500
2015-02-25,5.204789161682129,5.231104340151991,5.182233038338377,5.187872069174315,4915500
2015-02-26,5.287494659423828,5.313809840178369,5.2630590063955225,5.26869803772104,6143500
2015-02-27,5.323208808898926,5.385237710387629,5.3213292810195245,5.357042551462379,8342000
2015-03-02,5.283734321594238,5.2874933761343765,5.2423815846258055,5.253659644539624,6048500
2015-03-03,5.231105327606201,5.261180015026021,5.212308703987171,5.255540983125626,6191000
2015-03-04,5.242381572723389,5.248020602667495,5.191630751373135,5.227344010156872,5019500
2015-03-05,5.274336814880371,5.28937393225925,5.249901163029601,5.2592996975014925,6084000
2015-03-06,5.170954704284668,5.223585506598819,5.167195649356567,5.214186972985069,7109000
2015-03-09,5.125842571258545,5.133361128767389,5.092008838395389,5.103286450585295,5056000
2015-03-10,4.994266510009766,5.020581686753372,4.9867479521039835,5.007424098381569,7700000
2015-03-11,5.045017242431641,5.054415327602772,5.026220623942643,5.037498684665389,7595500
2015-03-12,5.099529266357422,5.103288322417265,5.078852665440745,5.078852665440745,5950500
2015-03-13,4.992386341094971,5.005544377103978,4.964191638003434,5.005544377103978,7555000
2015-03-16,4.8532915115356445,4.864569572158351,4.826976335513815,4.836374420601584,11894000
2015-03-17,5.028100490570068,5.107046472808669,4.98862772352415,5.10328696959854,9300500
2015-03-18,5.283734321594238,5.31944758045906,5.212306907571191,5.253659644539624,12221500
2015-03-19,5.234864234924316,5.270577502027113,5.208548606339617,5.26305894306583,5273000
2015-03-20,5.2461419105529785,5.281855626219616,5.214187698484286,5.253660917748869,7276000
2015-03-23,5.221706390380859,5.257419655744232,5.219826414621999,5.240503010941976,6267000
2015-03-24,5.182231903076172,5.214186105381822,5.172833819172945,5.202908046180611,4719000
2015-03-25,5.016822814941406,5.161557201535145,5.007424728413402,5.154038642683382,13284500
2015-03-26,4.988628387451172,5.005545481928071,4.951035142933723,4.9566741744260225,5649500
2015-03-27,5.0337395668029785,5.043138100839856,5.011183443631886,5.011183443631886,4196500
2015-03-30,5.092010021209717,5.101408108242158,5.078851982329383,5.086370989731523,6844000
2015-03-31,5.0337395668029785,5.043138100839856,4.998025854497672,5.018702450120096,8756500
2015-04-01,5.123963832855225,5.163436601964319,5.0750925293029425,5.1615570743343975,9593000
2015-04-02,5.234864234924316,5.259299887658591,5.217947141151325,5.246141849292838,8307000
2015-04-06,5.516811847686768,5.560044108502116,5.471700059750172,5.4942561777918035,12264000
2015-04-07,5.445385456085205,5.505534363565992,5.435986923204221,5.505534363565992,7908500
2015-04-08,5.548766613006592,5.561924648631634,5.513053353342574,5.524330965362062,6851500
2015-04-09,5.620194911956787,5.640871060080026,5.548767485109043,5.590120229502305,8290500
2015-04-10,5.744253158569336,5.768688812017956,5.719817505120716,5.742373630810771,10964500
2015-04-13,5.708538055419922,5.761168853194769,5.697259995314832,5.7254551455775555,6976000
2015-04-14,5.851393222808838,5.89274596602679,5.798762866119418,5.879588376854435,13585500
2015-04-15,5.967933177947998,5.971692681664122,5.900265248085544,5.94537750009173,21928500
2015-04-16,5.841994285583496,5.860790902825887,5.795002518404167,5.808160105659169,12621500
2015-04-17,5.640871047973633,5.670945730363569,5.582601658944044,5.595759248462119,17676500
2015-04-20,5.706658840179443,5.734853991983983,5.68598269428727,5.725455458666891,5213500
2015-04-21,5.804401397705078,5.817558985745779,5.774326718692021,5.81191995542166,9337500
2015-04-22,6.08071231842041,6.127704093626611,6.011164867558529,6.03372099136099,18871500
2015-04-23,5.774327754974365,5.825078588852638,5.670946111341238,5.682224174013479,20733000
2015-04-24,5.890867233276367,5.926580950503742,5.860792547618938,5.911543383601612,16455500
2015-04-27,5.862671375274658,5.9002646158201495,5.851393313481656,5.888986554027147,7363000
2015-04-28,5.8288373947143555,5.843874511046108,5.789364180086677,5.8044017445651885,4785500
2015-04-29,5.770566940307617,5.811919677994978,5.721695645262567,5.778085497665307,5446000
2015-04-30,5.682224273681641,5.708539454947239,5.597639250302994,5.69538186431444,6355500
2015-05-01,5.8100409507751465,5.8457542151788155,5.695381254730776,5.697260782292345,6832000
2015-05-04,5.855151653289795,5.868309240051432,5.808159887872501,5.81003986322894,6115000
2015-05-05,5.701020240783691,5.838235610929449,5.699140713236885,5.810040905140283,8268000
2015-05-06,5.631472110748291,5.704779053967665,5.5957584027983325,5.68974149097187,9887500
2015-05-07,5.6953816413879395,5.7029002002914195,5.65026983982026,5.659667926412909,4993000
2015-05-08,5.759289264678955,5.778085883401368,5.727335057665527,5.734854063671884,4792500
2015-05-11,5.796884059906006,5.864551541742164,5.7931245561831854,5.851393950932532,4451500
2015-05-12,5.9228196144104,5.969811380239914,5.915301057358752,5.962292375041574,14985000
2015-05-13,6.0149245262146,6.09950909636426,5.986729370733517,6.095750041064645,18655500
2015-05-14,6.050637722015381,6.054396776992916,5.999886446497866,6.01492401084827,11105000
2015-05-15,6.154017925262451,6.15965695497845,6.09762807624915,6.1239432494926875,7993500
2015-05-18,6.099509239196777,6.137102930100818,6.09011115258087,6.123944891803662,3234500
2015-05-19,6.129583358764648,6.193492224086175,6.122064800534693,6.193492224086175,7970000
2015-05-20,6.046878814697266,6.093870591720646,6.037480280033869,6.088231560551968,4702500
2015-05-21,5.97921085357666,5.988609388184658,5.95289567370914,5.9848498847121,4910000
2015-05-22,5.9622931480407715,5.990488300823262,5.951015086927775,5.956654117484273,5277000
2015-05-26,5.945376873016357,5.992368199704062,5.911542687580304,5.990488672117652,6204500
2015-05-27,5.872069835662842,5.892745983258895,5.832596619883576,5.883347897314061,5056500
2015-05-28,5.860790729522705,5.877707818984631,5.8175584663289115,5.830716053194846,8637500
2015-05-29,5.811919212341309,5.845752941813495,5.785604039624423,5.8081597098903215,3674500
2015-06-01,5.789363861083984,5.830716600937843,5.755530127128451,5.80064192178474,6835500
2015-06-02,5.740492343902588,5.76680796724668,5.717936671510573,5.732973786438583,8561500
2015-06-03,5.7198166847229,5.7442523346666965,5.689742004165401,5.6916219798011385,6608500
2015-06-04,5.642750263214111,5.70101964439036,5.60891608203044,5.6859825292954325,6109500
2015-06-05,5.648388862609863,5.66718547911827,5.595758067498311,5.603276624472336,6949500
2015-06-08,5.501775741577148,5.567563684330586,5.482979122483774,5.539368979763898,6434500
2015-06-09,5.477339267730713,5.492376381483982,5.413430862059296,5.454783148954127,7750500
2015-06-10,5.635233402252197,5.669067596312937,5.5882420635859145,5.5957606239948925,4320500
2015-06-11,5.734853744506836,5.768687477065516,5.7141771513601896,5.73861279915407,3730000
2015-06-12,5.721696376800537,5.738613469128279,5.702899756929747,5.708538787705661,3106500
2015-06-15,5.766808986663818,5.80816128409918,5.723576713420089,5.761169955532306,5052000
2015-06-16,5.721696376800537,5.751771058223156,5.699140701843649,5.714177818481574,3741000
2015-06-17,5.6295928955078125,5.642750932961024,5.597638686028354,5.614555778628105,5333000
2015-06-18,5.674705505371094,5.68410359198528,5.63147323139351,5.63147323139351,2819500
2015-06-19,5.576961517333984,5.6333513675300235,5.571322487499711,5.6145547507980105,3605000
2015-06-22,5.732973575592041,5.746131162706821,5.691621286987505,5.699139844174994,3937000
2015-06-23,5.8288373947143555,5.836355952880232,5.796883186399312,5.798762713904091,3564000
2015-06-24,5.734853744506836,5.772446979859465,5.725455211595321,5.751770386712819,3672500
2015-06-25,5.855151653289795,5.958533268319829,5.849512623513852,5.902143418707089,5611000
2015-06-26,5.858911037445068,5.907781880937727,5.8363549187971655,5.905902353765962,4683500
2015-06-29,5.706658840179443,5.806280962977592,5.6972603068623515,5.796882877807235,6254500
2015-06-30,5.336365699768066,5.462303014091297,5.3232081100459485,5.392755562068623,14208000
2015-07-01,5.358922004699707,5.449145608165061,5.319448786055161,5.351402997621924,5534500
2015-07-02,5.336365699768066,5.38523700339124,5.3213285824133,5.3683199102570365,3807000
2015-07-06,5.270577430725098,5.332606325573447,5.244262250643204,5.281855493087852,3475000
2015-07-07,5.295012474060059,5.30253148020154,5.2066684092917574,5.283734861141332,5891500
2015-07-08,5.039379119873047,5.201030157627879,5.031860560752388,5.167196417511507,7655500
2015-07-09,5.142759799957275,5.281854686122092,5.127722236388787,5.232983388781283,12866500
2015-07-10,5.338244438171387,5.400273322346058,5.308169759761437,5.315688765473967,22552000
2015-07-13,5.388995170593262,5.481098275810972,5.353281465547477,5.404032284219551,31160500
2015-07-14,5.3194475173950195,5.342003636955245,5.313808487504963,5.332605104422918,7776000
2015-07-15,5.248020648956299,5.295011968042722,5.240502091680075,5.281854380772655,6300000
2015-07-16,5.259300231933594,5.315690100054719,5.257420255960104,5.296893477347678,7064500
2015-07-17,5.285614013671875,5.349522424313932,5.281854510867812,5.349522424313932,5321500
2015-07-20,5.283734321594238,5.304410466005104,5.257418699079762,5.296891908778126,6961500
2015-07-21,5.34764289855957,5.398393721622422,5.340124341095947,5.36080048615759,17691000
2015-07-22,5.3344855308532715,5.366439737500885,5.323207470119589,5.347643118993657,4984500
2015-07-23,5.488618850708008,5.5450087151560865,5.479220315893258,5.526212093673394,7584500
2015-07-24,5.501775741577148,5.582601248493335,5.475460564475773,5.554406095779898,11163500
2015-07-27,5.428470611572266,5.464184334260206,5.375839791587897,5.452906269395919,14113000
2015-07-28,5.4961371421813965,5.49801666979415,5.400274063582438,5.454784397673338,4974000
2015-07-29,5.55252742767334,5.565685018260414,5.513054655912119,5.513054655912119,4926000
2015-07-30,5.473580360412598,5.637111343031732,5.443505681489077,5.62583328241707,10592000
2015-07-31,5.328845977783203,5.375837295368555,5.319447445378118,5.360800181296448,5534000
2015-08-03,5.217947006225586,5.259299751663552,5.18223329189947,5.24614171363804,7237500
2015-08-04,5.142759799957275,5.176593533729595,5.110805593575993,5.169074976018717,6808000
2015-08-05,5.095767498016357,5.1258421738668485,5.075091354433319,5.095767498016357,6710500
2015-08-06,4.992386341094971,5.048776643571498,4.971710195618062,5.0356186075624905,5756500
2015-08-07,5.043138027191162,5.045017554712382,4.9905072232761425,5.013063346117831,3121000
2015-08-10,5.1032867431640625,5.107046246207382,5.050656389438064,5.050656389438064,3368500
2015-08-11,5.140880107879639,5.189751407915135,5.118324433503318,5.150278641646506,5299000
2015-08-12,5.022461414337158,5.048777040276181,4.93411734709356,5.048777040276181,5411000
2015-08-13,5.069453716278076,5.093889369105071,5.056296126009203,5.073212771699578,3714000
2015-08-14,5.0976481437683105,5.1070466780980475,5.060054902742929,5.088250057585356,1906000
2015-08-17,5.043138027191162,5.060054671175666,4.998025781507785,5.014942873639051,2512500
2015-08-18,5.050656318664551,5.08073099814944,5.041257785261324,5.0544153735084505,2241000
2015-08-19,5.005545616149902,5.029981270556159,4.967951922477568,5.028101294577099,5114000
2015-08-20,4.796901226043701,4.883365752195231,4.78186366384748,4.870208165365218,7126000
2015-08-21,4.6070556640625,4.755549088611006,4.605176136606468,4.714196347551059,7656500
2015-08-24,4.3702192306518555,4.492397507741062,4.0431576225229,4.221725770234774,11455000
2015-08-25,4.471719741821289,4.667204934177221,4.469840214401478,4.66532540675741,8259000
2015-08-26,4.7066779136657715,4.710437416823698,4.541267393211892,4.676603232842633,12455000
2015-08-27,4.860811233520508,4.877728328506634,4.796902805546482,4.798782333384884,9333500
2015-08-28,4.862689971923828,4.898403683936527,4.830735763124433,4.892764653189955,6608000
2015-08-31,4.845772743225098,4.8927640629150275,4.8326151557860495,4.853291300597881,6377500
2015-09-01,4.676602840423584,4.749909784751196,4.654047167808971,4.723594609294121,7050500
2015-09-02,4.787503719329834,4.787503719329834,4.684122529760818,4.746151422760942,4382000
2015-09-03,4.759308815002441,4.834495294532869,4.736752691884607,4.825096760518182,8570500
2015-09-04,4.616454601287842,4.661566401204321,4.597657980643743,4.623973159916124,5204500
2015-09-08,4.680363178253174,4.693520768329055,4.618334283240136,4.618334283240136,8092500
2015-09-09,4.710437774658203,4.832616034737768,4.699159712474429,4.811939438018585,8931000
2015-09-10,4.873968124389648,4.904042806217119,4.802541147177831,4.840134387425477,7800000
2015-09-11,4.917201042175293,4.922840073768735,4.862690702203242,4.889006332354915,7043000
2015-09-14,4.879608154296875,4.881487682250041,4.845774410405552,4.879608154296875,3549000
2015-09-15,4.857050895690918,4.870208483380095,4.772465891235675,4.806299624129741,5414000
2015-09-16,4.913440704345703,4.949153964255421,4.862689433248644,4.87772699628927,5635000
2015-09-17,4.966072082519531,5.048777575994919,4.960433051230445,4.990507735389967,7424500
2015-09-18,4.776225566864014,4.870209116542477,4.757428946557677,4.842013962009583,6238000
2015-09-21,4.785623073577881,4.842012922389527,4.764946930124282,4.80629921703148,3675500
2015-09-22,4.702919006347656,4.727354657274674,4.654047704493621,4.710437564752868,6076000
2015-09-23,4.695400238037109,4.721715866010746,4.648408909510148,4.7029192449706025,9127000
2015-09-24,4.702919006347656,4.710437564752868,4.607055930204195,4.706678061476876,13525000
2015-09-25,4.778537750244141,4.8709404636027065,4.74647975777327,4.852082794525589,7520500
2015-09-28,4.535273551940918,4.6823636362121,4.501329928433413,4.678591922665808,16978500
2015-09-29,4.452299118041992,4.461727725847626,4.38629706499374,4.4032690985665255,8367500
2015-09-30,4.620132923126221,4.625790268201266,4.542816173502095,4.569217267053057,5370000
2015-10-01,4.661620140075684,4.688021237133499,4.625790882644197,4.676706545480479,7910000
2015-10-02,4.857739448547363,4.859625080305904,4.688020451018476,4.793623472734675,11063000
2015-10-05,4.995400905609131,5.006715596378296,4.955799937519325,4.9803149509850915,9156500
2015-10-06,4.96522855758667,4.993515284571268,4.918084612082036,4.976543248380509,4649500
2015-10-07,5.0463175773620605,5.053860555516059,4.980315506909344,5.025573825435661,2966500
2015-10-08,4.982200622558594,4.9897435999306365,4.904884317691172,4.953914345012864,8386000
2015-10-09,5.016144752502441,5.0236877299607485,4.980315047572633,5.002944429549834,3273000
2015-10-12,5.0368876457214355,5.055745312643852,5.00671528872512,5.029344668872918,3734500
2015-10-13,4.980315685272217,5.0482033902941525,4.976543971258978,4.985973031490906,1921000
2015-10-14,4.904884338378906,4.972772034218179,4.899226992925444,4.942599675000472,2388500
2015-10-15,5.0896897315979,5.091575813307551,5.006716074045025,5.014259052076684,3883500
2015-10-16,5.125518798828125,5.127404880302114,5.063288451038445,5.119861453610676,3852000
2015-10-19,5.17266321182251,5.176434475580102,5.123633186155732,5.157576807985361,3982000
2015-10-20,5.134948253631592,5.155691554628064,5.110433238998355,5.138719517666063,2818000
2015-10-21,5.299009799957275,5.368783128523841,5.293352454440821,5.35369717354815,7192500
2015-10-22,5.419699192047119,5.4404424923627275,5.3650118189216665,5.366897450877009,7468500
2015-10-23,5.431014537811279,5.459300818961068,5.334840102856401,5.393298746941007,8122500
2015-10-26,5.4574151039123535,5.4838157524785744,5.434785719654264,5.478158406414052,6358500
2015-10-27,5.393298149108887,5.4008415762081725,5.331067797954614,5.365011871094554,3882000
2015-10-28,5.463072299957275,5.480043888082466,5.380098193024355,5.408384922570194,4759000
2015-10-29,5.299009799957275,5.3272965275395485,5.153805797307689,5.310324490990185,9424500
2015-10-30,5.355584144592285,5.402728552482971,5.353698512149424,5.380099164759059,3593000
2015-11-02,5.446101665496826,5.457416360230557,5.381985661475589,5.381985661475589,3570500
2015-11-03,5.451756954193115,5.483814944098124,5.415927250933645,5.415927250933645,3402000
2015-11-04,5.365012168884277,5.406499221823995,5.346154499293916,5.383869838474638,4433500
2015-11-05,5.34615421295166,5.398955505135689,5.329182176348672,5.365011881531997,2683500
2015-11-06,5.2895827293396,5.297125709021843,5.2386670544814375,5.255638646365883,4522500
2015-11-09,5.255638122558594,5.331068811067999,5.227351839168751,5.297125181079713,3309000
2015-11-10,5.299009799957275,5.3122101229615755,5.246208507940074,5.2820382130101935,2407500
2015-11-11,5.336724758148193,5.36312585188488,5.315981459128601,5.3555824253302555,2841000
2015-11-12,5.255638122558594,5.300896895346131,5.2480951436281265,5.283924855550804,2644000
2015-11-13,5.150034427642822,5.200950091088394,5.136834103757105,5.187749767202677,3857500
2015-11-16,5.174551010131836,5.17643664280009,5.1198636163304245,5.125520963937636,3161000
2015-11-17,5.067060470581055,5.13683379967624,5.040659824372436,5.0689461025667315,7355000
2015-11-18,5.0896897315979,5.095347077522223,5.046317495515284,5.0614034515786015,4675500
2015-11-19,5.065174579620361,5.097232569749218,5.053859889080233,5.0727175567796925,2837000
2015-11-20,5.070831775665283,5.09346115808602,5.05763145245395,5.074603489269503,2600500
2015-11-23,5.051974773406982,5.099119176469661,5.044431794805612,5.053860855259087,3227500
2015-11-24,5.084033012390137,5.099118968979009,5.029345632951397,5.065175341852881,3368500
2015-11-25,4.999173641204834,5.012373966600394,4.989744580435226,4.991630662350565,3131000
2015-11-27,4.995400905609131,5.042545300613227,4.989743560224548,5.010487309835441,1060500
2015-11-30,4.887912750244141,4.910542134133124,4.870940712327403,4.893570096216386,4412000
2015-12-01,4.940713882446289,4.970886243428876,4.931285272540526,4.940713882446289,3015500
2015-12-02,4.789852619171143,4.846425628499663,4.776652295288053,4.844539996402739,10192500
2015-12-03,4.761567115783691,4.853969398033496,4.748366340145619,4.833226092777759,8753500
2015-12-04,4.787967205047607,4.791738469413143,4.72762247917572,4.735165457509122,7160500
2015-12-07,4.770995616912842,4.795510636012035,4.742709333092157,4.786082024605932,2393500
2015-12-08,4.676706314086914,4.70876430578277,4.6521912999190915,4.691792269142981,6400500
2015-12-09,4.593732833862305,4.654077105945506,4.557903127261393,4.652191473893553,6877500
2015-12-10,4.644648551940918,4.680478258972724,4.635219492363156,4.6653918535687655,4682500
2015-12-11,4.58996057510376,4.635218886192366,4.571102908016654,4.62013293236358,6541000
2015-12-14,4.648419380187988,4.671048761370719,4.578646054344255,4.616361389913963,9530500
2015-12-15,4.620132923126221,4.671048579199384,4.586188852675947,4.642761853824156,9867000
2015-12-16,4.759679317474365,4.769108375301175,4.671048331993022,4.68613428499325,10996500
2015-12-17,4.7389373779296875,4.806825085092519,4.737051745664772,4.774767088577195,4907000
2015-12-18,4.608819484710693,4.655963889939532,4.608819484710693,4.63710621776847,5797500
2015-12-21,4.5918474197387695,4.605047745226013,4.520188445721967,4.580532726577599,7360500
2015-12-22,4.582418441772461,4.595618766203275,4.525845430096545,4.537159672749864,4947500
2015-12-23,4.642763137817383,4.661620810082026,4.605047793288096,4.61824811891311,5651000
2015-12-24,4.657848834991455,4.672934790661363,4.633333819826127,4.63521945188429,2337000
2015-12-28,4.652191638946533,4.67482102278203,4.625790990873332,4.6597346170242595,2950500
2015-12-29,4.682364463806152,4.6955647891478725,4.654077731215066,4.688021810324369,3288000
2015-12-30,4.661620140075684,4.695564215034742,4.657848875926215,4.672934831728703,1724500
2015-12-31,4.640875816345215,4.671048170907372,4.622018150944143,4.6521905055063,3444500
2016-01-04,4.663505554199219,4.676705876037424,4.584303173567745,4.610703817244155,12411000
2016-01-05,4.8030548095703125,4.850199227132704,4.697451727864845,4.697451727864845,17413000
2016-01-06,4.456071853637695,4.803053367892221,4.388184146518229,4.803053367892221,26404500
2016-01-07,4.388184070587158,4.459843490596437,4.369326399469297,4.435328473182983,10547000
2016-01-08,4.337268829345703,4.5088739680874195,4.337268829345703,4.491901927534391,9348000
2016-01-11,4.405155658721924,4.416470350155348,4.33538232768554,4.407041290760062,11962000
2016-01-12,4.308980941772461,4.354239250142271,4.252407943909642,4.352353618427511,10302500
2016-01-13,4.241094589233398,4.380641271294662,4.214693488906315,4.363669231713472,11860000
2016-01-14,4.205264091491699,4.222236127899576,4.129833418037507,4.195835032508786,15053500
2016-01-15,4.043087959289551,4.090231904297064,3.999715278105368,4.06948860446194,8310000
2016-01-19,4.188292503356934,4.293895547415956,4.141148552203384,4.282580855266359,10851000
2016-01-20,3.9676573276519775,4.0166873546684165,3.80170957848882,3.939370600680081,13558000
2016-01-21,3.990286111831665,4.050630827401765,3.9299418458638216,3.9469134318160792,6515000
2016-01-22,4.099661350250244,4.127947630005781,4.029888017303968,4.035545363175538,8446000
2016-01-25,3.9846296310424805,4.046859991973228,3.9770866523604647,4.009144648960796,5887500
2016-01-26,4.0034871101379395,4.014801802418347,3.922399081598131,3.9299425095199565,5391500
2016-01-27,3.9676573276519775,4.041201918574364,3.9450279460744606,4.001600950415981,3699500
2016-01-28,3.8262252807617188,3.967658041876185,3.7526802269981023,3.967658041876185,12264000
2016-01-29,4.50321626663208,4.616362295537846,4.24486576265513,4.256180455466177,27585000
2016-02-01,4.395726680755615,4.399497944516021,4.331610251203852,4.3825259087874135,9543500
2016-02-02,4.222235202789307,4.280693827027081,4.19394848164059,4.216577858559563,14145000
2016-02-03,4.1543474197387695,4.188291034682497,4.067602076479926,4.165662107920735,7876500
2016-02-04,4.1637773513793945,4.2165790964915,4.129833725637715,4.15812000548873,4903500
2016-02-05,4.097775936126709,4.2014929002169366,4.088346875971778,4.195835554044446,6127500
2016-02-08,3.9978294372558594,4.046859466728854,3.9355990844020274,4.037430857000667,7726000
2016-02-09,3.912970781326294,3.9337140857500503,3.8488543365215038,3.8526260507814447,15261500
2016-02-10,3.920513391494751,4.012916110949752,3.886569764757365,3.8941127429654148,4819000
2016-02-11,3.8205673694610596,3.8809120892067686,3.7922806415795436,3.8413106701726463,6217500
2016-02-12,3.926170825958252,3.9280564581521427,3.8054813735025546,3.8337681044225884,5804500
2016-02-16,4.0676045417785645,4.080804869457272,4.022345761620207,4.060061561619652,6371500
2016-02-17,4.182633876800537,4.2014915414092915,4.144918547583028,4.156233236268719,5423000
2016-02-18,4.190177917480469,4.254294353124471,4.180749307581303,4.254294353124471,3017500
2016-02-19,4.1430344581604,4.178864169134548,4.116633807801494,4.156234783339854,3748500
2016-02-22,4.207149982452393,4.231664997794452,4.188292312927909,4.1920640266737275,2738500
2016-02-23,4.056289196014404,4.133605517044166,4.054403563677787,4.092118908024358,5748500
2016-02-24,4.041202545166016,4.05440331953454,3.954457168471957,3.9940585923728444,3353500
2016-02-25,4.024231433868408,4.0261170663154155,3.96200106709321,3.982744372817477,5254500
2016-02-26,4.061944961547852,4.092117315201241,4.033658239497113,4.0393155839072605,11832000
2016-02-29,3.9827442169189453,4.041202866909457,3.9808585845457483,4.012916582901989,5692500
2016-03-01,4.0751471519470215,4.094004825433399,4.0053738050076655,4.014802416949654,5364000
2016-03-02,4.148690700531006,4.158119309034685,4.109089285929291,4.126061320758597,8191000
2016-03-03,4.169435501098633,4.176978480539632,4.1354918688129345,4.152463460154585,26241500
2016-03-04,4.324068069458008,4.365555125669502,4.282581013246514,4.2882383595300055,8355000
2016-03-07,4.378754138946533,4.407040412289394,4.29766613264028,4.3014373959648164,10212500
2016-03-08,4.235436916351318,4.337268246787279,4.227893938097234,4.329725268533195,7389000
2016-03-09,4.390070915222168,4.422128916732571,4.354241198991897,4.412699854734111,7638000
2016-03-10,4.461728572845459,4.584303644803318,4.407041198464084,4.569217689609561,11957000
2016-03-11,4.640875816345215,4.64276144800466,4.5673307864003725,4.597503140962528,7072000
2016-03-14,4.635219573974609,4.644648633718388,4.606933293947905,4.620133617907342,3995500
2016-03-15,4.623904705047607,4.627676418721141,4.589961080394992,4.608818749558067,3301000
2016-03-16,4.808710098266602,4.808710098266602,4.729507708506377,4.735165054175128,6914000
2016-03-17,4.919970989227295,4.929400049517778,4.8407685912761345,4.863397976291421,14194500
2016-03-18,4.953914165496826,4.984086073891652,4.916198830401035,4.938827761697154,5313500
2016-03-21,4.991630554199219,4.995401818743461,4.933171457739928,4.963343822105634,4787000
2016-03-22,4.952028274536133,4.957685619978378,4.895455269715955,4.910541674096034,4098000
2016-03-23,4.8219099044799805,4.889797595621798,4.8162525594179755,4.884140250559793,4084000
2016-03-24,4.8030548095703125,4.806826524832199,4.71819548740149,4.7464817782569355,4302000
2016-03-28,4.835224151611328,4.8901054466600735,4.808729437700387,4.867395820792573,4098500
2016-03-29,4.9506635665893555,4.9506635665893555,4.825761530000895,4.850363473643868,5819000
2016-03-30,4.880643844604492,4.931740060953044,4.86739671082499,4.874966437099469,4788000
2016-03-31,4.867396831512451,4.907138233836348,4.863611742683033,4.882536284436793,2299500
2016-04-01,4.716000080108643,4.719784717406449,4.627054335660814,4.687613044391968,6214000
2016-04-04,4.846580982208252,4.89578444007727,4.839010802969855,4.856043029461108,10681500
2016-04-05,4.861719131469727,4.920385072019055,4.861719131469727,4.882535990787881,20384500
2016-04-06,4.890106678009033,4.8976764048054315,4.810623418655141,4.863611957426612,7641500
2016-04-07,4.787913799285889,4.880644193569255,4.763311848737308,4.865504739937831,6157000
2016-04-08,4.9336323738098145,4.986620904018346,4.910922745893808,4.986620904018346,4898000
2016-04-11,5.105845928192139,5.208038810223369,5.103953609457172,5.191006588018722,12317000
2016-04-12,5.293198585510254,5.3083384877404605,5.226962923242505,5.296983673866958,11866500
2016-04-13,5.317800521850586,5.321585610200182,5.261026903786303,5.279951443141064,5752000
2016-04-14,5.225069999694824,5.262919077361548,5.204253142337105,5.217500274400798,7497000
2016-04-15,5.045287132263184,5.07745925739904,5.016900546927197,5.056641946876234,8546500
2016-04-18,5.0112223625183105,5.050963756304554,4.81629957921022,4.829546710472301,14710000
2016-04-19,5.062318801879883,5.109630373873651,5.0433942633216935,5.1001678789962615,5935000
2016-04-20,5.283735752105713,5.331046867915618,5.2553487216625365,5.287520388700442,8329500
2016-04-21,4.999869346618652,5.1664056088458485,4.982837121218924,5.158835881289324,14150500
2016-04-22,5.041502475738525,5.145587674367931,4.980943765496329,5.124770363924068,14677500
2016-04-25,4.863611221313477,4.867396309737141,4.818192416212591,4.848471770012054,7501500
2016-04-26,4.876858711242676,4.8806437999436065,4.8390096290199685,4.857934170131323,3611500
2016-04-27,4.846580982208252,4.882537303205216,4.804946801184111,4.867397847121943,5552500
2016-04-28,4.591098785400391,4.969589649637328,4.551356928817822,4.905246292956389,11160500
2016-04-29,4.560818672180176,4.619484611081202,4.53243163645605,4.615699522585776,11283500
2016-05-02,4.678150177001953,4.727354067536418,4.659225638426896,4.721676660844243,6210000
2016-05-03,4.564603805541992,4.645979381865893,4.526754721260954,4.642194744155794,4788000
2016-05-04,4.51350736618042,4.5664963523008195,4.475658283750129,4.547571811085674,15104500
2016-05-05,4.538109302520752,4.549464117458246,4.500260220193538,4.53053957629464,16684500
2016-05-06,4.517292022705078,4.538108880691066,4.469980448595476,4.538108880691066,11678500
2016-05-09,4.528646469116211,4.585420539576018,4.5116146991748876,4.572172955670983,3674500
2016-05-10,4.687613010406494,4.689505329041677,4.62516198347921,4.640301434953924,5673000
2016-05-11,4.647871017456055,4.736816298686887,4.644085929473152,4.734923980293718,8569000
2016-05-12,4.890106678009033,4.948772624676974,4.852257141633673,4.937417808884034,12990500
2016-05-13,4.943094253540039,5.047179443097085,4.909030263995815,5.024469815936538,15170000
2016-05-16,4.988512992858887,5.005545213011446,4.946879278525863,4.96391104748183,7480500
2016-05-17,4.905245304107666,4.988513187214474,4.895782808810938,4.948771789840077,6956000
2016-05-18,5.067997455596924,5.120986447316263,5.041503185335604,5.060427728550361,8432500
2016-05-19,4.937417030334473,4.965804065340652,4.903353039523671,4.941202118734168,4248000
2016-05-20,5.0036540031433105,5.0131160489712485,4.979052052315303,4.980944371241552,2831500
2016-05-23,4.971481800079346,5.013115519237564,4.965804392703835,4.980943844907434,2665000
2016-05-24,5.268596649169922,5.317800541917293,5.067996441013167,5.100168112918,18066500
2016-05-25,5.279951095581055,5.3196929414476175,5.243994337814929,5.2988756336900815,12560000
2016-05-26,5.308338165283203,5.314015571875078,5.262918912548205,5.306445395621523,5251000
2016-05-27,5.302661895751953,5.314016711370539,5.279952264514781,5.2988768068135315,2985500
2016-05-31,5.272381782531738,5.3159082687030805,5.240210110352331,5.306445773310929,6463500
2016-06-01,5.272381782531738,5.2875212337232425,5.230747614960181,5.272381782531738,3159500
2016-06-02,5.29887580871582,5.29887580871582,5.232640148744701,5.24020987399903,2961500
2016-06-03,5.289414882659912,5.34051110291958,5.2761677478664195,5.314016833332595,8126500
2016-06-06,5.450273036956787,5.476767303216197,5.4124235050476734,5.4124235050476734,5221500
2016-06-07,5.467305660247803,5.512724925144729,5.465413341275998,5.4710907493881145,3867500
2016-06-08,5.522186279296875,5.527863686697639,5.472982382621353,5.474874701356059,4812500
2016-06-09,5.444595813751221,5.467304992228273,5.419993865336928,5.421886184077521,3884500
2016-06-10,5.304553031921387,5.3613266461594105,5.2780587688496245,5.35375692116699,4443500
2016-06-13,5.208039283752441,5.27238263855807,5.20425419474171,5.209931602659464,5652000
2016-06-14,5.236424922943115,5.2667042759502,5.191006119030791,5.225070109165883,5702000
2016-06-15,5.29887580871582,5.348079699663848,5.289413764947058,5.300768578426848,4041000
2016-06-16,5.268596649169922,5.281843781648582,5.172081633455424,5.225070163370064,4975500
2016-06-17,5.283735752105713,5.283735752105713,5.223177054624631,5.247778997276536,4962000
2016-06-20,5.401069164276123,5.459735104265707,5.391606668460294,5.423778342080172,4591500
2016-06-21,5.503261566162109,5.529755832405567,5.4919067517158755,5.52407842518245,6504000
2016-06-22,5.414316654205322,5.5127244514301,5.414316654205322,5.465412871626906,5307000
2016-06-23,5.488121032714844,5.514615293736566,5.446486871683178,5.505152799830783,4140000
2016-06-24,5.223178386688232,5.342403042562273,5.2175009791516915,5.226963475444812,12323000
2016-06-27,5.124769687652588,5.155049038777983,5.079350886562785,5.1380168191705895,8470500
2016-06-28,5.321586608886719,5.327264016878271,5.243995667133308,5.278060115082618,6639000
2016-06-29,5.552465915679932,5.573282776403804,5.465412932730398,5.472982659248473,10736000
2016-06-30,5.554358005523682,5.560035412977346,5.467305026163036,5.497584382183693,6706000
2016-07-01,5.5619282722473145,5.5884229933380976,5.520294548469944,5.520294548469944,5311500
2016-07-05,5.524077892303467,5.561926969342056,5.493798991629867,5.561926969342056,5831500
2016-07-06,5.694400310516357,5.696292629381614,5.588422783718483,5.592207421448996,8787500
2016-07-07,5.692505836486816,5.732247679137809,5.637624996248731,5.696290924280997,8764500
2016-07-08,5.789022445678711,5.798484490260127,5.7114315143672645,5.715216602917811,5433500
2016-07-11,5.904460906982422,5.929062849988009,5.8722892394820105,5.877966645652266,9922000
2016-07-12,5.789022445678711,5.836334022175688,5.758743090864241,5.8098393047151315,12976000
2016-07-13,5.592207908630371,5.628164677382785,5.565713637421947,5.628164677382785,10273500
2016-07-14,5.684937953948975,5.743604352185015,5.6735831380841475,5.722787039367271,7701500
2016-07-15,5.684937953948975,5.705755266766719,5.671690819172239,5.701970177746214,5106000
2016-07-18,5.734140872955322,5.73603319154307,5.683044661513237,5.686829749885344,4226000
2016-07-19,5.728464603424072,5.7454968276855105,5.711432379162634,5.730357373584255,3652000
2016-07-20,5.775774955749512,5.789022088063135,5.756850416559107,5.771989867432789,2422000
2016-07-21,5.677367687225342,5.705754724187992,5.652765738923259,5.6697979611008495,5269000
2016-07-22,5.717109203338623,5.726571699582991,5.683045209491539,5.6849375282617505,2282500
2016-07-25,5.648980140686035,5.667904679888464,5.590314204517487,5.6641200427659415,5819000
2016-07-26,5.717109203338623,5.737926514597571,5.703862069553831,5.715216884568411,3212000
2016-07-27,5.75117301940918,5.8041615487532905,5.720893666414,5.777667284081235,3715500
2016-07-28,5.806055068969727,5.817409433013488,5.751173762772115,5.76631321562824,7325000
2016-07-29,6.322695732116699,6.339727504263611,6.095600774458883,6.118310405583667,18282000
2016-08-01,6.150481224060059,6.24888901027477,6.125879277506381,6.2451039218831985,8985000
2016-08-02,6.150481224060059,6.15426631245163,6.108847056539232,6.118309551919852,5654500
2016-08-03,6.12209415435791,6.127771561314727,6.065320535986347,6.091815252183698,3941000
2016-08-04,6.169405937194824,6.184545388793814,6.110739998252953,6.1372342641495,4607000
2016-08-05,6.192115306854248,6.2129321647315185,6.163728272297419,6.188330218514468,3234500
2016-08-08,6.112631797790527,6.14101837992707,6.084244764457396,6.1239866111237795,4135500
2016-08-09,6.2167181968688965,6.269706734490678,6.18833115800246,6.207255700181192,4078000
2016-08-10,6.2167181968688965,6.269706734490678,6.194008565775747,6.258351918944104,4068000
2016-08-11,6.252674102783203,6.2715986437258975,6.239426969242982,6.2488894653126525,4578500
2016-08-12,6.211040019989014,6.245104011213955,6.19590011740278,6.220502064308367,3364500
2016-08-15,6.199686050415039,6.216718273946073,6.180761508001673,6.203471139376385,3767500
2016-08-16,6.203470706939697,6.22996497423219,6.201577936992626,6.201577936992626,2032500
2016-08-17,6.12587833404541,6.150480276810084,6.070997042401402,6.101276391280735,5132500
2016-08-18,6.2640275955200195,6.279167495796778,6.199684260134313,6.207253984674416,6115000
2016-08-19,6.192115306854248,6.2129321647315185,6.123986875114466,6.163728272297419,6095500
2016-08-22,6.246996879577637,6.267813738365883,6.2091473481133095,6.239426702566795,3626500
2016-08-23,6.2678141593933105,6.309448330963121,6.250781936769753,6.279168974475682,4068500
2016-08-24,6.292415142059326,6.358650801207404,6.2772752405422025,6.349188757556217,4812000
2016-08-25,6.328372955322266,6.337835000550501,6.303771006053523,6.320802777703681,3714500
2016-08-26,6.279168128967285,6.3775754603048025,6.25645850186046,6.322694613457636,4922000
2016-08-29,6.2167181968688965,6.23564273904763,6.178869112511431,6.195900884634617,4988500
2016-08-30,6.167514801025391,6.194009072001613,6.150482576313513,6.176976847289736,3309500
2016-08-31,6.086137771606445,6.1429113892912515,6.055858418601894,6.1429113892912515,4204500
2016-09-01,6.082352638244629,6.0918151333870005,6.0180092955842746,6.055858373760554,5561500
2016-09-02,6.176975727081299,6.21293248899774,6.1561588681175525,6.1561588681175525,4571500
2016-09-06,6.343512058258057,6.345404376959991,6.2621364885185855,6.2810610291278435,4780500
2016-09-07,6.328372955322266,6.4078557595474335,6.324587866512973,6.402178351931827,5496000
2016-09-08,6.2678141593933105,6.328372872368187,6.25456702552943,6.328372872368187,4968000
2016-09-09,6.141018390655518,6.233748764776962,6.141018390655518,6.226179039607099,5237500
2016-09-12,6.182653427124023,6.195900560837175,6.072891268702207,6.080460994938772,7475500
2016-09-13,6.086137771606445,6.152373433307083,6.080460364718304,6.146696026418942,5087500
2016-09-14,6.097492694854736,6.13534222798817,6.084245561296526,6.084245561296526,2718000
2016-09-15,6.144804000854492,6.1637285409851295,6.036934167229521,6.05207361885538,3044000
2016-09-16,6.016116142272949,6.065320031004379,5.9990843740171265,6.0312560432961595,5286000
2016-09-19,6.035041332244873,6.105062536049484,6.031256694977568,6.07289086329428,2764500
2016-09-20,6.142911911010742,6.1977932147927906,6.125879688899767,6.167513859216603,4760500
2016-09-21,6.326479434967041,6.347296744154116,6.262136091217159,6.288630356149862,6658000
2016-09-22,6.417317867279053,6.466521762836284,6.392715919500437,6.42488759324248,4857000
2016-09-23,6.358651638031006,6.396501171206668,6.349189593134575,6.364329045447523,3949000
2016-09-26,6.332156658172607,6.351081197032074,6.301877305758142,6.305662394008674,4279500
2016-09-27,6.350751876831055,6.367829011163473,6.314700751977819,6.326085508199432,3828500
2016-09-28,6.37162446975708,6.379214156906121,6.322290824708667,6.3507522646141785,3529000
2016-09-29,6.3071112632751465,6.350752531700542,6.299521575806915,6.318496020670719,4369500
2016-09-30,6.301418304443359,6.337469427106907,6.195161340139525,6.21603309035383,7002500
2016-10-03,6.280545711517334,6.3090075985737775,6.240699522024661,6.255878893530532,4912000
2016-10-04,6.212238311767578,6.280546395758597,6.202751316639424,6.276751778661893,4943000
2016-10-05,6.250186920166016,6.286238495305969,6.246392303237417,6.265366745039542,2773500
2016-10-06,6.208443641662598,6.2236230146926,6.179981751748351,6.198956194229051,4079000
2016-10-07,6.172393321990967,6.191367768335043,6.130649359079405,6.1799830100513,2737000
2016-10-10,6.21034049987793,6.263469206403319,6.185673681202992,6.202750813913263,3243500
2016-10-11,6.2198286056518555,6.250187352727216,6.2103411579009995,6.23880304876716,3552500
2016-10-12,6.204648971557617,6.219828797951021,6.187571836509945,6.214136419601798,2830000
2016-10-13,6.312802314758301,6.31659738388776,6.223622487886388,6.244494237132525,7259000
2016-10-14,6.2407002449035645,6.303315951294356,6.235007866832911,6.301418642732938,5844500
2016-10-17,6.2217254638671875,6.252084661131304,6.208443399886582,6.229315150086623,2423500
2016-10-18,6.356444358825684,6.388701319442898,6.318495472391043,6.327982920192909,3285500
2016-10-19,6.244494438171387,6.274853635025395,6.242597129738752,6.267263948908485,3061000
2016-10-20,6.208443641662598,6.2350077706582985,6.178084443216199,6.210340950194749,2459500
2016-10-21,6.0926995277404785,6.111673971161323,6.069930014680899,6.085109840849424,5370500
2016-10-24,6.098391532897949,6.126853422481088,6.0908018464712415,6.113570905751365,2789500
2016-10-25,6.043365478515625,6.056647542779593,6.02059641937156,6.041468170016882,4164000
2016-10-26,6.041468620300293,6.085109885728741,6.007314350459027,6.013006728765905,6903500
2016-10-27,5.9826483726501465,6.039571707059164,5.978853302734966,6.022494571020524,3739000
2016-10-28,5.975057601928711,6.013006487527797,5.948493472486631,5.971262984800643,5533500
2016-10-31,5.944699287414551,5.999725315435825,5.904853087323181,5.997828006589512,7839500
2016-11-01,5.830852508544922,6.039571859015847,5.764442176256731,5.992135519621603,12776000
2016-11-02,5.95228910446167,6.011109746982579,5.940904347228864,5.982648306287007,9406500
2016-11-03,5.957980632781982,5.988339377888212,5.946595877173957,5.9807496916116545,4929500
2016-11-04,5.849825859069824,5.901056806500748,5.838441103554869,5.844133481312347,5710500
2016-11-07,5.76823616027832,5.791005673068311,5.739774721677242,5.756851403883325,11065000
2016-11-08,5.815672874450684,5.861211450619687,5.747364784003958,5.751159401459285,5655000
2016-11-09,5.732185363769531,5.781519013280935,5.650595201666781,5.677159787671248,5802000
2016-11-10,5.6619791984558105,5.760646484214464,5.6392096856233795,5.724594906358584,13073500
2016-11-11,5.713210582733154,5.7245953400117955,5.671467075893398,5.6999285167035545,5665000
2016-11-14,5.690441131591797,5.732184635578173,5.673363996841144,5.720800331464152,5132000
2016-11-15,5.618338108062744,5.637312551882878,5.595568594524014,5.605056042627293,4073000
2016-11-16,5.5727996826171875,5.608851262556868,5.5576198557226935,5.608851262556868,3893500
2016-11-17,5.635415554046631,5.64300524151602,5.597466664313235,5.614543800409198,3502500
2016-11-18,5.53674840927124,5.58987712776428,5.531056030418898,5.5879793665558575,4418500
2016-11-21,5.646799087524414,5.650593704243417,5.620234508559636,5.625926886024492,2817000
2016-11-22,5.726491451263428,5.743568583610292,5.698030016405004,5.735978897807136,4168000
2016-11-23,5.703723430633545,5.709415809117217,5.669569159731511,5.688543603881608,1846500
2016-11-25,5.597466945648193,5.605056633499048,5.580389808693914,5.599364254514289,1584500
2016-11-28,5.610747814178467,5.614542883486606,5.582285925333365,5.603158127948565,2340000
2016-11-29,5.595567226409912,5.62213180317221,5.5595161086366405,5.574695479026826,2217000
2016-11-30,5.515875339508057,5.569003592943296,5.515875339508057,5.569003592943296,3750000
2016-12-01,5.3545942306518555,5.424799641018267,5.335619783191027,5.407722502587569,7284000
2016-12-02,5.3242340087890625,5.345105761299319,5.259720990203597,5.288182429773363,4763000
2016-12-05,5.339414119720459,5.356491257250733,5.309055367293067,5.310952676223157,4702500
2016-12-06,5.3432087898254395,5.350798477363911,5.326131653574036,5.3299267235364995,3281500
2016-12-07,5.428593635559082,5.428593635559082,5.341311104060705,5.360285547760943,3948500
2016-12-08,5.532952308654785,5.540542447301785,5.4532599243386874,5.4532599243386874,10145000
2016-12-09,5.578492164611816,5.608851366577402,5.576594403473286,5.586081852006601,4479500
2016-12-12,5.525363445281982,5.557619955983345,5.515876449139909,5.548132959841271,5280500
2016-12-13,5.612645626068115,5.641107517466119,5.586081495687589,5.586081495687589,4031000
2016-12-14,5.468439102172852,5.563311308018936,5.466541793771838,5.555721622028521,4381500
2016-12-15,5.476028919219971,5.498798430122514,5.447567482978164,5.458952238429436,3829500
2016-12-16,5.396336555480957,5.413413236333665,5.379259422241875,5.394438794641253,4347000
2016-12-19,5.472235202789307,5.502594404859546,5.457055375560963,5.460850445464661,3555500
2016-12-20,5.45326042175293,5.468439795658747,5.436183286819071,5.447568043441644,1783000
2016-12-21,5.405824184417725,5.432388315426685,5.402029114679404,5.417208941246258,2023000
2016-12-22,5.379260063171387,5.421004020822961,5.367875306322191,5.405824194228558,4261000
2016-12-23,5.400130271911621,5.4058226487087735,5.381155833383213,5.381155833383213,1657000
2016-12-27,5.384951591491699,5.4039260324494505,5.367874458913815,5.369771767293684,2012000
2016-12-28,5.365977764129639,5.407721267578219,5.364080003146406,5.407721267578219,1779500
2016-12-29,5.341310024261475,5.362181772396377,5.335617647063533,5.3470024014594175,2157000
2016-12-30,5.318540096282959,5.335617226530833,5.295770589285794,5.312847719533668,3226500
2017-01-03,5.3678765296936035,5.373568909415529,5.320440182806402,5.331824942250253,4474500
2017-01-04,5.422901630401611,5.438081005451841,5.392542427914698,5.403927185395597,4552500
2017-01-05,5.449464321136475,5.462746383887927,5.394438309461648,5.415310510116502,5137500
2017-01-06,5.4950032234191895,5.510183047770044,5.413413081240721,5.42100321960933,4824000
2017-01-09,5.468439102172852,5.49310592093147,5.4532597301920225,5.4532597301920225,3243500
2017-01-10,5.603158473968506,5.625927534064302,5.574696583365756,5.578491652908257,4241000
2017-01-11,5.7758259773254395,5.779621047004821,5.717005337806761,5.728390094458485,6085500
2017-01-12,5.857415676116943,5.863108054001567,5.8080824884275115,5.84223630334887,10193000
2017-01-13,5.885878086090088,5.897262842866209,5.846031889760088,5.8593139552034215,4026500
2017-01-17,5.855518817901611,5.893467705126416,5.849826439579249,5.88208294848169,3707000
2017-01-18,5.827056884765625,5.849825943738714,5.80618468189065,5.846031326769723,2858500
2017-01-19,5.76823616027832,5.808082807660804,5.758749164873431,5.787210603474509,4126000
2017-01-20,5.787210464477539,5.794800151096444,5.7530566484992685,5.756851265615521,3984000
2017-01-23,5.773927688598633,5.781517374282683,5.737876116116461,5.7587483172305305,2694500
2017-01-24,5.785313606262207,5.787210914968025,5.7587494748350245,5.770133779456364,2465500
2017-01-25,5.842236042022705,5.847928419652706,5.7853127181090604,5.7872100265236055,3977500
2017-01-26,5.904851913452148,5.92003128597796,5.868800338220374,5.868800338220374,4733500
2017-01-27,5.791005611419678,5.866903383396457,5.768236098872082,5.817569741134269,3515500
2017-01-30,5.586081504821777,5.624030391823558,5.532952791587435,5.569004369955051,9429500
2017-01-31,5.743569374084473,5.766338887014007,5.711312865691906,5.741672065469149,5353000
2017-02-01,5.737876892089844,5.753056717897163,5.7056203842805955,5.728389896798372,4342000
2017-02-02,6.060443878173828,6.113572146328051,5.7891092535580215,5.7891092535580215,10767500
2017-02-03,6.0073137283325195,6.033878308475686,5.986441978293091,5.995929425284158,5173000
2017-02-06,6.060443878173828,6.064238948350478,6.026290056129897,6.031981982815152,3147000
2017-02-07,6.0926995277404785,6.102186975644108,6.077520153958369,6.079417462584529,2993000
2017-02-08,6.039569854736328,6.083211109637208,6.031979717233845,6.050954156217433,3031500
2017-02-09,6.03387975692749,6.056648820876369,6.01680261967597,6.020597689860691,2453000
2017-02-10,6.028186321258545,6.035776007911229,6.0035195003475215,6.014904256519748,2593500
2017-02-13,6.011108875274658,6.030083317115587,5.984544747174633,5.984544747174633,3320500
2017-02-14,6.001622676849365,6.016802051381574,5.969365714292157,5.982648232490886,2750000
2017-02-15,5.990237712860107,5.9959300912096865,5.9522888254538655,5.9522888254538655,3143000
2017-02-16,5.939006328582764,5.957980770907236,5.927621572710803,5.937108567679844,3270000
2017-02-17,5.946596145629883,5.946596145629883,5.916236946766724,5.935211389507899,3780000
2017-02-21,5.925724029541016,5.94090385539019,5.904852277933108,5.918134342809632,3636000
2017-02-22,5.940904140472412,5.946596518890708,5.920031935476517,5.937109070731405,3340500
2017-02-23,5.927621364593506,5.927621364593506,5.89346709817677,5.925723603757215,4794500
2017-02-24,5.868800163269043,5.878287610104634,5.851723482783163,5.878287610104634,2676500
2017-02-27,5.838442325592041,5.866904220336753,5.825160258839999,5.863109150241969,3432000
2017-02-28,5.87449312210083,5.9105446998247455,5.861211057126,5.889672948062357,4133500
2017-03-01,5.9826483726501465,5.986442990178879,5.923827277090315,5.931416964534228,5517000
2017-03-02,5.959877967834473,5.9807497182846845,5.950390520656679,5.957980659353466,5489000
2017-03-03,5.988338947296143,6.0092111485388315,5.965569890103681,5.988338947296143,4764000
2017-03-06,5.9162373542785645,5.942801485468672,5.901057527608195,5.942801485468672,2689000
2017-03-07,5.853621006011963,5.8877748206234655,5.847928628178982,5.883980203659066,2382000
2017-03-08,5.832749366760254,5.8669036370583445,5.828954749429194,5.859313950009799,1839000
2017-03-09,5.84792947769165,5.876390918604687,5.830852341711959,5.853621856351547,2790000
2017-03-10,6.0168023109436035,6.043366443714151,5.980750729391313,6.0186996197453695,5950500
2017-03-13,6.052853584289551,6.054750892994707,6.033879140078685,6.033879140078685,3211000
2017-03-14,5.969366073608398,6.0149051047190465,5.957981768217201,6.0149051047190465,2157500
2017-03-15,6.013007164001465,6.022494612661791,5.937109384264663,5.976956035297,3156000
2017-03-16,6.050955295562744,6.071827499045171,6.039570991938068,6.049057987023031,2961500
2017-03-17,6.08890438079834,6.105981061721064,6.079416933720048,6.08321200302864,2093000
2017-03-20,6.096495151519775,6.113571835480228,6.075622945189179,6.1021875303020785,1691000
2017-03-21,6.026289463043213,6.124956301674387,6.024391701948419,6.109776927234647,3407500
2017-03-22,6.068033695220947,6.073726074413772,6.0319821111285545,6.0433668695142035,2176500
2017-03-23,6.030083656311035,6.056647785905307,6.00921190482788,6.056647785905307,3106000
2017-03-24,6.111673831939697,6.149622717916924,6.107879214773818,6.124955896793087,2637500
2017-03-27,6.164803504943848,6.164803504943848,6.100290026814622,6.119264472761694,2522500
2017-03-28,6.17641019821167,6.1840212032411115,6.147868362279898,6.180215473897845,1718000
2017-03-29,6.30770206451416,6.32482671330751,6.286771232522332,6.30770206451416,4726000
2017-03-30,6.370492458343506,6.397131199165418,6.3666867295159335,6.3781034623416195,4098500
2017-03-31,6.41806173324585,6.42757582872296,6.391422991761207,6.414256457980638,3235000
2017-04-03,6.282964706420898,6.282964706420898,6.239200866860592,6.273450611289211,4156500
2017-04-04,6.303896427154541,6.315313162288464,6.277257680946803,6.3057990651244875,2958000
2017-04-05,6.233493328094482,6.2791598112811675,6.22968759880514,6.263937801437968,3573500
2017-04-06,6.128840446472168,6.149771276772048,6.121229441661793,6.145965547538322,2592500
2017-04-07,6.104104042053223,6.1155207755389505,6.0850763041293625,6.106007133405549,2617500
2017-04-10,6.075562953948975,6.098395968360583,6.054632123666986,6.090784963556714,2652500
2017-04-11,6.060340404510498,6.073659776142147,6.031799023487556,6.073659776142147,4652000
2017-04-12,5.9899373054504395,6.0184791376921005,5.967103839657111,6.007062404795436,3091000
2017-04-13,5.959493160247803,5.9842292649857,5.959493160247803,5.963298889306348,2704000
2017-04-17,6.058436870574951,6.058436870574951,6.031798131252108,6.047020138391732,2577000
2017-04-18,6.027994155883789,6.027994155883789,5.9956470410611615,6.027994155883789,2755000
2017-04-19,6.083173751831055,6.128840232757984,6.075562747286076,6.109812494567008,4593500
2017-04-20,6.246811389923096,6.254422393248373,6.21065855705679,6.2277836547814065,6205000
2017-04-21,6.408547878265381,6.475145183418877,6.334339569177577,6.475145183418877,10805000
2017-04-24,6.435186862945557,6.465631333494546,6.406645483695097,6.461825604554531,7361500
2017-04-25,6.402840614318848,6.440896094199667,6.39332651752009,6.435187726851834,4462000
2017-04-26,6.389520645141602,6.408548383305406,6.364784540162949,6.3838122783267535,4326000
2017-04-27,6.416159629821777,6.425673726091031,6.366687417998654,6.402840257970487,3589500
2017-04-28,6.5683817863464355,6.581701612352593,6.501784924601129,6.536034674404844,4884000
2017-05-01,6.598827362060547,6.629271841222537,6.581702711128379,6.591216355684342,4152500
2017-05-02,6.610241889953613,6.610241889953613,6.543644585683527,6.551256043173895,4932500
2017-05-03,6.585505962371826,6.610242065730744,6.558867221418232,6.595020057659271,4279500
2017-05-04,6.581701278686523,6.58550655421786,6.555062081681806,6.564576177824292,3288500
2017-05-05,6.617853164672852,6.631172535340661,6.564575682001613,6.564575682001613,4407500
2017-05-08,6.690158367156982,6.709186103008028,6.671130631305937,6.680644272402956,4140500
2017-05-09,6.737727642059326,6.758658469558956,6.722505634475065,6.722505634475065,5080500
2017-05-10,6.773881435394287,6.7986175414607075,6.766270430525484,6.796714903657778,4469500
2017-05-11,6.771979331970215,6.785298704955926,6.737729126872285,6.766270964453893,3481000
2017-05-12,6.764367580413818,6.7776869519304475,6.749145117496908,6.762464489013537,2647000
2017-05-15,6.728214263916016,6.733922630397658,6.699672431507806,6.728214263916016,3840000
2017-05-16,6.749144554138184,6.775783748604907,6.730116817323113,6.77197801977908,3713500
2017-05-17,6.728214263916016,6.832867044536738,6.724408535042576,6.802422574520326,7167500
2017-05-18,6.720604419708252,6.735826430515045,6.682548939034153,6.71109032271117,4744500
2017-05-19,6.785297870635986,6.81003397561279,6.73963138977768,6.751048123406522,4855000
2017-05-22,6.760562419891357,6.76817342516143,6.732021036714312,6.747243047254456,3222500
2017-05-23,6.764367580413818,6.804325694963706,6.756756575783897,6.787200594303582,2688500
2017-05-24,6.85379695892334,6.85950532502163,6.787199656881293,6.796713751597445,5235500
2017-05-25,6.882340431213379,6.889951436607721,6.811937383758656,6.846187588518864,8592000
2017-05-26,6.979381084442139,7.006019827531523,6.897561763769697,6.897561763769697,13544000
2017-05-30,6.941326141357422,6.983187350615,6.924201039344262,6.952742876032862,10339500
2017-05-31,6.967963695526123,6.977477790681869,6.935616588579236,6.969866786751488,5235000
2017-06-01,6.947033405303955,6.950839134143676,6.91088056912622,6.924199939579695,5660500
2017-06-02,7.182977676391602,7.182977676391602,7.0764222595400295,7.103061000338665,6876000
2017-06-05,7.167755603790283,7.207714170814067,7.165852966103407,7.1829780662564575,3587000
2017-06-06,7.255283355712891,7.276213731433346,7.215325241976461,7.22103360874696,4417000
2017-06-07,7.200102806091309,7.247672378136322,7.196297530668226,7.247672378136322,5302000
2017-06-08,7.209616661071777,7.2172276653207,7.122088978066556,7.150630357414276,5717000
2017-06-09,7.034561634063721,7.167755802638278,7.023144900311631,7.093547486906762,11427000
2017-06-12,7.049783229827881,7.049783229827881,6.9565471811968305,7.034561221489238,6318500
2017-06-13,7.030755043029785,7.03836604671246,6.998407937135662,7.015533035664437,4085500
2017-06-14,7.0516862869262695,7.104963769510269,7.026950183253115,7.104963769510269,3742500
2017-06-15,7.122089862823486,7.1335065974436604,7.070715010689802,7.099256393583137,4981500
2017-06-16,7.103061676025391,7.120186776878,7.070714565741845,7.120186776878,4045500
2017-06-19,7.352324962615967,7.388477346428149,7.3237831294410345,7.327588858416708,6999000
2017-06-20,7.26099157333374,7.323783152862347,7.257185844345896,7.318074786209106,2816500
2017-06-21,7.257185459136963,7.260991187922801,7.2324498098286085,7.2381577225218265,2432000
2017-06-22,7.308561325073242,7.333297429963693,7.3028529582787485,7.3028529582787485,2007000
2017-06-23,7.329491138458252,7.3332968672482375,7.278116294907084,7.31807440574532,2419000
2017-06-26,7.359936237335205,7.407505356165185,7.34851950364575,7.34851950364575,5326000
2017-06-27,7.339005947113037,7.409408534144719,7.339005947113037,7.358033685598818,5337000
2017-06-28,7.396089553833008,7.397992191685117,7.308561861436675,7.361839350552481,4234000
2017-06-29,7.283824920654297,7.394185615609729,7.22864434634806,7.378963607221753,4013000
2017-06-30,7.26669979095459,7.319977273749447,7.264797153328214,7.319977273749447,4629500
2017-07-03,7.26669979095459,7.300949536514564,7.255283057882251,7.293338532352018,3163500
2017-07-05,7.217227935791016,7.221033664886622,7.162047359018571,7.175366730367599,5106500
2017-07-06,7.143019199371338,7.163950027676527,7.1220888247231855,7.15253329472043,3234000
2017-07-07,7.19058895111084,7.203908322011636,7.101158630115754,7.152533476063695,5707000
2017-07-10,7.259088516235352,7.262893791346276,7.196296940334865,7.198199577890327,4022500
2017-07-11,7.3922834396362305,7.39799180655248,7.327589219461505,7.354227962632619,6454000
2017-07-12,7.559727191925049,7.57304656242049,7.5140602603326405,7.531185359679794,4996000
2017-07-13,7.573047161102295,7.582560803498119,7.519769221251647,7.550213693501008,2618500
2017-07-14,7.652963161468506,7.652963161468506,7.593977310139057,7.60919977263692,2647000
2017-07-17,7.635838031768799,7.685310237856585,7.62632393660252,7.651060039646413,2678500
2017-07-18,7.681504726409912,7.687212638945655,7.630129884332122,7.630129884332122,2371000
2017-07-19,7.717658042907715,7.742393239420896,7.654865557210123,7.670088472883887,5767000
2017-07-20,7.7309770584106445,7.753809616244006,7.708143593263242,7.7176576882936665,3972000
2017-07-21,7.7652268409729,7.767129478636765,7.725268728089446,7.730977548395138,3054000
2017-07-24,7.727169513702393,7.732878332639793,7.668184131003832,7.696725503749192,3832000
2017-07-25,7.645353317260742,7.677699975622554,7.620617210365618,7.671992062022539,4153000
2017-07-26,7.7633256912231445,7.7633256912231445,7.706242921110362,7.7252702087098655,2471500
2017-07-27,7.856560230255127,7.925059718565062,7.82611530753979,7.8337267650471345,7278500
2017-07-28,7.795670032501221,7.799475306983009,7.759517202982541,7.797572669742115,2915500
2017-07-31,7.814700126647949,7.864172341983948,7.801380753850889,7.826116861518889,2892500
2017-08-01,7.746200084686279,7.9212554640838695,7.668186491269,7.894616720346953,5565500
2017-08-02,7.574949264526367,7.649157575338958,7.557824165033376,7.641546117570715,5469500
2017-08-03,7.649158477783203,7.6529637534592325,7.565436515368385,7.5996862647381,3369500
2017-08-04,7.675796031951904,7.692921584466948,7.649157291721882,7.679601307037896,2732500
2017-08-07,7.6092000007629395,7.62061673456435,7.586366533160119,7.5901722623129455,3989000
2017-08-08,7.717658042907715,7.740490601790197,7.673893748145287,7.677699023406687,3984500
2017-08-09,7.614908218383789,7.6529636968049015,7.580658469267623,7.6529636968049015,4626500
2017-08-10,7.397991180419922,7.525476972226493,7.386574447553684,7.525476972226493,5004000
2017-08-11,7.420826435089111,7.445562544376742,7.377062584323085,7.390381957992248,2356000
2017-08-14,7.449366092681885,7.464588554528209,7.42082471391271,7.439852450977838,2189500
2017-08-15,7.40560245513916,7.4436579303129555,7.399894088497385,7.439852654989805,2569500
2017-08-16,7.49503231048584,7.502643767973054,7.445560558761071,7.447463196304364,2346000
2017-08-17,7.420826435089111,7.5064510449133275,7.418923343381273,7.485520665384233,3290500
2017-08-18,7.377060413360596,7.407504427841084,7.3466159452231,7.3903797831100615,2524000
2017-08-21,7.325685501098633,7.348518966809476,7.2971441226171105,7.323782863508407,2972500
2017-08-22,7.3656439781188965,7.3694492532539,7.312366043315613,7.323782776034676,2462000
2017-08-23,7.384671688079834,7.401796787096544,7.373254955402027,7.377060684180304,1567000
2017-08-24,7.26669979095459,7.384671943273681,7.255283057882251,7.384671943273681,6878500
2017-08-25,7.325685501098633,7.36374097484535,7.2971441226171105,7.310463493062758,5329500
2017-08-28,7.32188081741333,7.344713831311697,7.314269812780541,7.3390059180799065,941000
2017-08-29,7.352324962615967,7.3656443335452515,7.327588858416708,7.329491496076021,1693000
2017-08-30,7.45888090133667,7.466491906159156,7.418922332118732,7.4246306991498665,2603500
2017-08-31,7.5406999588012695,7.550213601080639,7.502644482369664,7.506449757818587,2342000
2017-09-01,7.557825088500977,7.578755919435564,7.533089435531443,7.578755919435564,1974500
2017-09-05,7.483616828918457,7.533089039571313,7.4227278844753934,7.533089039571313,2774500
2017-09-06,7.483616828918457,7.508352934244885,7.470297457382237,7.4988388382006885,1376500
2017-09-07,7.502643585205078,7.52737968729339,7.487421124258497,7.495032127903283,1857500
2017-09-08,7.597782135009766,7.597782135009766,7.56924030475853,7.56924030475853,2896500
2017-09-11,7.677699565887451,7.704338309227619,7.618714165911711,7.618714165911711,6650500
2017-09-12,7.645353317260742,7.677699975622554,7.618714572498946,7.677699975622554,2496000
2017-09-13,7.5616302490234375,7.588268991492174,7.546408240086176,7.5863663537892805,1644500
2017-09-14,7.299047470092773,7.316172571041446,7.262894630420155,7.291436465334611,5725000
2017-09-15,7.356130599975586,7.359936329138563,7.29904738447335,7.316172485221141,2791000
2017-09-18,7.304754257202148,7.375156829888357,7.289532250978041,7.35803218630048,3494500
2017-09-19,7.165853023529053,7.266700080254534,7.118283451719497,7.255283346727675,8230500
2017-09-20,7.184881687164307,7.226742897603497,7.150631482171209,7.215326162605798,3447500
2017-09-21,7.127797603607178,7.1544363462746645,7.125894512233027,7.141116974940921,2757500
2017-09-22,7.1354079246521,7.1449220196403385,7.074518986967027,7.112574459605943,3659000
2017-09-25,7.034561634063721,7.114478316671282,7.030755904927335,7.114478316671282,6891500
2017-09-26,6.93751859664917,7.002213258329689,6.928004956013702,6.994602255089918,4773000
2017-09-27,6.943227767944336,6.990797337610952,6.922297393192684,6.950839225724062,4241500
2017-09-28,7.008310317993164,7.010219215978838,6.949144491344484,6.968230285912565,2900500
2017-09-29,7.12664270401001,7.140002715224095,7.067476875056028,7.094196897484197,3042500
2017-10-02,7.1228251457214355,7.138093598513283,7.0980135686537755,7.11709936216419,3140500
2017-10-03,7.16672420501709,7.183901104695062,7.1323694955785095,7.141912622102999,3292000
2017-10-04,7.162906646728516,7.172449317923031,7.153363520492696,7.166723988231104,2025500
2017-10-05,7.0541157722473145,7.059841100417734,7.023578413465826,7.025486856189299,4924000
2017-10-06,7.077019691467285,7.077019691467285,7.000676508642421,7.017853861290394,3748500
2017-10-09,7.069385051727295,7.1056481979656985,7.06556771079227,7.088470846319943,2001500
2017-10-10,7.006402492523193,7.029305630039839,6.9892251393857086,7.023579845660677,2442000
2017-10-11,6.989224433898926,7.014036012023739,6.981590207177729,6.985407548058943,2929000
2017-10-12,6.931967258453369,6.956778837320977,6.9186072475310025,6.928150372499118,4357000
2017-10-13,7.027395725250244,7.052207302325397,7.01785305601276,7.033121508809218,2896500
2017-10-16,7.071293830871582,7.111374319950595,7.0560253764880345,7.092288524450532,3205500
2017-10-17,7.052208423614502,7.078928902818631,7.0293057407783275,7.07511156149196,2809500
2017-10-18,7.149546146392822,7.170540385621877,7.117100338478367,7.155271930735523,3485000
2017-10-19,7.145728588104248,7.147637031146757,7.067476962866295,7.115191224217818,3921000
2017-10-20,7.16672420501709,7.191535332889863,7.141912622102999,7.1533637368745415,2785500
2017-10-23,7.159088134765625,7.208711290979722,7.15336235096852,7.187717053751155,1830500
2017-10-24,7.195351600646973,7.19726004365052,7.147636885228282,7.16481423738396,1614500
2017-10-25,7.092288494110107,7.155271664495003,7.048391119143628,7.141911653206238,2579500
2017-10-26,7.225889682769775,7.248792821255841,7.159089165546282,7.174358076217424,4087000
2017-10-27,7.220163822174072,7.223981163562014,7.1743580007252294,7.19535224075568,2796000
2017-10-30,7.414837837219238,7.456826764988559,7.2201625612577836,7.2392483547818,11001500
2017-10-31,8.285150527954102,8.636329471845475,8.187812668268862,8.246978943186882,34069000
2017-11-01,8.30996322631836,8.386306406167549,8.269883193409909,8.315688555269928,11447500
2017-11-02,8.567620277404785,8.605791863081738,8.42256861586532,8.42256861586532,8410000
2017-11-03,8.552351951599121,8.584798209441333,8.508455036958674,8.567620404079172,6814500
2017-11-06,8.75466251373291,8.77184032118287,8.693587786307246,8.693587786307246,5114500
2017-11-07,8.78138256072998,8.785200356886417,8.716490947060773,8.752754095010555,3913000
2017-11-08,9.060036659240723,9.082938886988243,9.01423038358055,9.052401976603171,6621500
2017-11-09,8.7584810256958,8.775657924467088,8.624879991653,8.68786316725784,6997500
2017-11-10,8.821462631225586,8.846274208413943,8.75466167105236,8.760387909678673,3576500
2017-11-13,8.7947416305542,8.808101640465182,8.672593098522693,8.687861551266328,4864500
2017-11-14,8.789017677307129,8.804286132439877,8.750846084433975,8.769931425829272,4589500
2017-11-15,8.634421348571777,8.661141367889169,8.546626609350746,8.579071957057977,5742000
2017-11-16,8.798561096191406,8.806194868970838,8.726034794291259,8.777566400882787,4470000
2017-11-17,8.811919212341309,8.861542365059236,8.798559202769743,8.84436455983694,3273500
2017-11-20,8.964605331420898,8.976056897921334,8.934068427474653,8.941702198420026,5461000
2017-11-21,8.991327285766602,8.998961968438131,8.935978794166369,8.935978794166369,3761000
2017-11-22,9.012320518493652,9.040948981223028,8.977965817168949,9.027588971277158,2794000
2017-11-24,9.14019775390625,9.166917781002498,9.102026156614086,9.12302085365371,2012000
2017-11-27,9.165008544921875,9.224174834136067,9.134470723679916,9.21654015130493,4039500
2017-11-28,9.2184476852417,9.2203561282406,9.144012947789601,9.1650076409425,3308000
2017-11-29,9.040949821472168,9.17264240041492,9.010412913067112,9.166916161287407,4369000
2017-11-30,8.932160377502441,8.943611945673204,8.874903446731132,8.935978173614366,5571500
2017-12-01,8.6954984664917,8.771841659904325,8.651600629733979,8.752755406509843,10963500
2017-12-04,8.737486839294434,8.844366944686769,8.731760599315477,8.827190044915184,4964000
2017-12-05,8.75466251373291,8.817645684190232,8.727942491124653,8.733668730302146,2774500
2017-12-06,8.571439743041992,8.590525084557756,8.521816580985412,8.586708198271117,4853500
2017-12-07,8.73176097869873,8.750847232681,8.628697755425978,8.628697755425978,4046000
2017-12-08,8.73939323425293,8.75275324429565,8.691678522636458,8.72412478135874,3113500
2017-12-11,8.569530487060547,8.573348283473075,8.517998881275881,8.521816677688411,4752000
2017-12-12,8.517997741699219,8.537083990960689,8.468374585718342,8.49318616370878,4566500
2017-12-13,8.52181625366211,8.535176265234757,8.49891311665685,8.516090014369528,3671000
2017-12-14,8.483644485473633,8.53899297368246,8.483644485473633,8.521816076327223,2589500
2017-12-15,8.558079719543457,8.586708186820209,8.504638761188938,8.531358785324914,3690500
2017-12-18,8.72794246673584,8.775657182724045,8.714582455469044,8.758480285404596,5215000
2017-12-19,8.653507232666016,8.693587264171198,8.626787211662561,8.676410367835393,3741000
2017-12-20,8.594342231750488,8.663051647491272,8.567622206767714,8.663051647491272,2239500
2017-12-21,8.666868209838867,8.714582928416588,8.65732508410681,8.693588233822577,3210000
2017-12-22,8.718400955200195,8.737487209161133,8.672595583842767,8.727944082180665,2266500
2017-12-26,8.62869644165039,8.676411159258507,8.613427986838905,8.655416465091125,2919500
2017-12-27,8.638238906860352,8.640147349805584,8.601975760653529,8.626787339106489,1930500
2017-12-28,8.643964767456055,8.668776347435374,8.6210625406219,8.645874120601219,2706500
2017-12-29,8.579073905944824,8.643965526182958,8.579073905944824,8.643965526182958,2177500
2018-01-02,8.73939323425293,8.74321011995587,8.634421596762634,8.672593184039325,4221000
2018-01-03,8.836731910705566,8.848183478946977,8.760388729151167,8.766114058230617,3062500
2018-01-04,9.018047332763672,9.019955775915731,8.932161020343031,8.93407037357766,3853000
2018-01-05,9.294792175292969,9.311969984868355,9.193637401438956,9.195545844706748,6780500
2018-01-08,9.352048873901367,9.353957316934515,9.300517271676297,9.313877282990852,3094500
2018-01-09,9.457021713256836,9.504736435429114,9.43221013053386,9.500919548881773,5286500
2018-01-10,9.5009183883667,9.537181536384866,9.441752103696794,9.493283706121947,5256500
2018-01-11,9.59634780883789,9.60398249179697,9.508553050180206,9.520004619577522,4301500
2018-01-12,9.548632621765137,9.699410549704197,9.491375687657046,9.535272609801078,5217000
2018-01-16,9.342506408691406,9.621159133032942,9.313877941006577,9.504735909043069,6942000
2018-01-17,9.508551597595215,9.537180971756205,9.382585263550741,9.436025305852647,3922500
2018-01-18,9.384493827819824,9.418848531207741,9.355865363371132,9.418848531207741,2853000
2018-01-19,9.521912574768066,9.546724155510143,9.491375664662074,9.520004131646761,2610500
2018-01-22,9.69559383392334,9.697502277082824,9.561993711933756,9.571535927731173,4000500
2018-01-23,9.623067855834961,9.913172157697003,9.521913084332063,9.842555208016883,12159000
2018-01-24,9.38067626953125,9.523819491597031,9.338687797343967,9.523819491597031,8712500
2018-01-25,9.237533569335938,9.374951470718713,9.197452627617345,9.256618908651134,6088000
2018-01-26,9.443660736083984,9.447477622241632,9.300517494264353,9.308151266579646,5564500
2018-01-29,9.136377334594727,9.279520541572932,9.077211063139753,9.275703656344325,15403000
2018-01-30,9.03713321685791,9.115384843404808,8.964606919534306,9.073396365519711,4554000
2018-01-31,9.149739265441895,9.186002412979901,9.111567674888597,9.147830822426606,4260500
2018-02-01,9.38067626953125,9.474197248147922,9.25470994288699,9.271886838308513,9050500
2018-02-02,9.922714233398438,10.289161685898437,9.842554166004925,10.115481539879159,19771000
2018-02-05,9.352048873901367,9.67459849856634,9.220356293706455,9.672690055533192,12982000
2018-02-06,9.689867973327637,9.768119599072806,9.313877389040815,9.35395742344084,13337000
2018-02-07,9.56580924987793,9.724220930776596,9.529546104711592,9.638335540210605,5658500
2018-02-08,8.962697982788086,9.30624228949152,8.962697982788086,9.269979142827118,12890500
2018-02-09,8.979873657226562,9.119199985928221,8.651597849046023,9.056216826101927,10518000
2018-02-12,9.212724685668945,9.254713172508973,9.021866686283285,9.107752103444787,6063500
2018-02-13,9.012320518493652,9.035223652710123,8.93215954873601,8.985600498601912,6546000
2018-02-14,9.273797035217285,9.292882375191226,8.993234983915649,8.998961222965576,6717000
2018-02-15,9.315787315368652,9.338690455838917,9.166917812394612,9.338690455838917,3118000
2018-02-16,9.457021713256836,9.493284865704462,9.395946978086235,9.409306991084557,4412000
2018-02-20,9.430301666259766,9.521913313770341,9.409306970130885,9.428393222990344,3493000
2018-02-21,9.447477340698242,9.645969976301165,9.445568897676292,9.552449897648062,4591000
2018-02-22,9.514278411865234,9.590621594080034,9.479923706843818,9.542906877675154,4428500
2018-02-23,9.58680248260498,9.59443716381199,9.470379282213019,9.573442473054506,7188500
2018-02-26,9.718497276306152,9.731857288923438,9.644062530260165,9.674599441933214,4389500
2018-02-27,9.594438552856445,9.718496452416025,9.584895427486664,9.69559331556156,4297000
2018-02-28,9.630702018737793,9.733765227898544,9.62688513249704,9.70131987468704,4317500
2018-03-01,9.298609733581543,9.531456187771491,9.22226563424821,9.504736162541995,5937500
2018-03-02,9.481831550598145,9.491374675292462,9.245167336657358,9.287156721279368,4216000
2018-03-05,9.644061088562012,9.68032423455438,9.418848440872019,9.418848440872019,5541500
2018-03-06,9.573442459106445,9.636425621204745,9.552448678461941,9.575351811967211,5421000
2018-03-07,9.71277141571045,9.750943008256455,9.590621955530208,9.600165081187347,6154500
2018-03-08,9.787202835083008,9.810105966981554,9.741397481368242,9.76620905591128,4007500
2018-03-09,9.81010627746582,9.817740958367747,9.707043090742795,9.766209365006233,6445500
2018-03-12,9.544815063476562,9.617341357650727,9.527638166470048,9.54672350646812,6926500
2018-03-13,9.556266784667969,9.659329988523854,9.533363648237213,9.607798386595912,6289000
2018-03-14,9.724220275878906,9.760483418603028,9.682231804868948,9.726129628723237,4637500
2018-03-15,9.798657417297363,9.846372138426702,9.756668935946504,9.792932087601496,2684500
2018-03-16,9.665055274963379,9.691775294804561,9.609705882364569,9.68604905622007,4820000
2018-03-19,9.226082801818848,9.289065974161216,9.105841786400445,9.283339734812342,9195500
2018-03-20,9.319602012634277,9.331053580179095,9.235625064082223,9.252801960358221,4739500
2018-03-21,9.29288101196289,9.388310428080967,9.281429445625427,9.306241021009539,3119500
2018-03-22,9.186001777648926,9.327236561919657,9.161190200001199,9.268070282125285,7908000
2018-03-23,9.14019775390625,9.331055740367066,9.13256307041475,9.315787283466735,4579000
2018-03-26,9.289066314697266,9.290974757856008,9.147831510042117,9.252803164433464,4657000
2018-03-27,9.136377334594727,9.395943731786263,9.07530262052545,9.390218403943352,7365500
2018-03-28,9.202988624572754,9.365687120804035,9.160877845706624,9.308263746310935,14049500
2018-03-29,9.252756118774414,9.300608783252525,9.124511635126911,9.22595884571795,10684500
2018-04-02,9.185762405395508,9.292952414792355,9.132167857053933,9.268069101246097,10892000
2018-04-03,9.348462104797363,9.365689578021945,9.20299103910446,9.283382871773131,9535000
2018-04-04,9.373344421386719,9.384829098073132,9.141738752423796,9.160879271758672,4536000
2018-04-05,9.407795906066895,9.438422006515681,9.363772084608192,9.388655391910687,4412500
2018-04-06,9.271897315979004,9.398227848333576,9.231701403450499,9.33506258215629,4463000
2018-04-09,9.296780586242676,9.402056637848256,9.296780586242676,9.363774686186332,3055500
2018-04-10,9.522643089294434,9.545612439733445,9.46330575277926,9.518815168459133,5251500
2018-04-11,9.446081161499023,9.534129748024064,9.400142451063772,9.451823956660325,2749000
2018-04-12,9.405885696411133,9.434596935450454,9.340806461988885,9.371431661935649,3895500
2018-04-13,9.35802936553955,9.40588202037907,9.304434830221757,9.402054100060221,3499500
2018-04-16,9.446081161499023,9.492019871934275,9.403971285409234,9.467136555900812,3410000
2018-04-17,9.526471138000488,9.570494962120334,9.484360361427086,9.526471138000488,5131000
2018-04-18,9.65854549407959,9.687256729265226,9.620263542927505,9.627920298243406,9850000
2018-04-19,9.518815994262695,9.55135514961289,9.42885345783322,9.547527228445498,9606000
2018-04-20,9.524559020996094,9.57049773138198,9.482449144951556,9.57049773138198,6708500
2018-04-23,9.457565307617188,9.52647336939761,9.442252709237227,9.52647336939761,4648500
2018-04-24,9.453736305236816,9.570496109514789,9.403969681657086,9.566668188535928,6284500
2018-04-25,9.490103721618652,9.513072158823348,9.421195671863826,9.499673523489951,4011000
2018-04-26,9.604949951171875,9.660458455149058,9.532213977694893,9.568581964433383,5637000
2018-04-27,8.709151268005371,9.063259491895169,8.52348342169504,9.061345531528088,33381500
2018-04-30,8.772318840026855,8.814428717362485,8.701496811462835,8.755091366747058,5566000
2018-05-01,8.871850967407227,8.87950680991359,8.734035762441984,8.804856869194346,9939000
2018-05-02,8.931188583374023,8.954157939369882,8.856538632744392,8.892906627618865,6854500
2018-05-03,9.015406608581543,9.032633164172188,8.894817981306376,8.938842719513154,7339500
2018-05-04,9.10537052154541,9.12451195308914,8.929273367283333,8.950328759438698,5206500
2018-05-07,9.080488204956055,9.13408275881981,9.03454949437924,9.076660283312584,6069000
2018-05-08,9.070918083190918,9.091973479038835,9.038378921659247,9.07283204413821,4592500
2018-05-09,9.05560302734375,9.122596205902086,9.011579199352159,9.038376470775495,5536000
2018-05-10,8.973298072814941,8.996266512767424,8.906303975419666,8.919702612355984,4190000
2018-05-11,9.202988624572754,9.227871934734168,9.034547334535377,9.038376167977301,8240500
2018-05-14,9.252756118774414,9.269982676392523,9.19341877831301,9.22595884571795,4211500
2018-05-15,9.093884468078613,9.269981595674372,9.034547134534908,9.22595777013221,4540500
2018-05-16,9.153223037719727,9.18193427185121,9.113027127392915,9.155136998300001,3132500
2018-05-17,9.340806007385254,9.375259127470121,9.291039375358459,9.336977173042879,5725500
2018-05-18,9.302523612976074,9.329320888536333,9.23552951136168,9.29869477881479,3275500
2018-05-21,9.262327194213867,9.317835703029196,9.243185762593184,9.312092908457513,3120500
2018-05-22,9.00775146484375,9.166622065053328,9.00009562219646,9.166622065053328,5236500
2018-05-23,8.894819259643555,8.894819259643555,8.804856722694725,8.89290529904881,5350500
2018-05-24,8.892906188964844,8.929274182045418,8.825912997876298,8.929274182045418,4030500
2018-05-25,8.88142204284668,8.927360755320603,8.852710803907392,8.856538725708944,3810500
2018-05-29,8.919702529907227,8.986696626683246,8.866107982657354,8.973297989870778,5647500
2018-05-30,9.036462783813477,9.051775380416837,9.000094796434476,9.00775063837934,3735500
2018-05-31,9.0134916305542,9.053687530869576,8.969466897318227,9.044116817638264,3544500
2018-06-01,9.124510765075684,9.14556524177606,9.063259469909848,9.063259469909848,2197500
2018-06-04,9.394400596618652,9.40779923508324,9.247014660794388,9.256585377615892,6795500
2018-06-05,9.438423156738281,9.453735752472024,9.363773225733505,9.413539846403356,4972000
2018-06-06,9.604949951171875,9.62026254750555,9.555183328552214,9.574323845790905,12920000
2018-06-07,9.547527313232422,9.597293939705194,9.514988157593264,9.578153420984574,3444000
2018-06-08,9.562838554382324,9.570495308412768,9.459477394895886,9.503502133322218,2912500
2018-06-11,9.666202545166016,9.698741702648393,9.606865199614855,9.616435915874153,2985000
2018-06-12,9.541786193847656,9.599208667311428,9.509246122894762,9.524558721637517,2644500
2018-06-13,9.536043167114258,9.603037268145483,9.480534655753159,9.536043167114258,4176500
2018-06-14,9.403969764709473,9.463306191260395,9.402055804203139,9.455650349235059,3656500
2018-06-15,9.402055740356445,9.426939052197095,9.37142963432215,9.37142963432215,2600000
2018-06-18,9.258498191833496,9.283381504859497,9.19150500780722,9.283381504859497,3889500
2018-06-19,9.233614921569824,9.237443755470256,9.099628552896755,9.189591089781153,3560500
2018-06-20,9.486275672912598,9.55135489458903,9.335061838273898,9.375257747599315,6405000
2018-06-21,9.421197891235352,9.507332517363011,9.358032620436907,9.493933878873268,3806500
2018-06-22,9.641318321228027,9.700654748469312,9.53221435667482,9.551354874674496,5874000
2018-06-25,9.480533599853516,9.570496132064154,9.42119626097319,9.564754250582334,3232500
2018-06-26,9.570496559143066,9.631747861250643,9.51307317819419,9.562839804111992,3189500
2018-06-27,9.626004219055176,9.848040055551657,9.626004219055176,9.677685713714512,6492000
2018-06-28,9.895893096923828,9.922690369131773,9.80018777099805,9.84421251299227,6422500
2018-06-29,9.811673164367676,9.87866634978827,9.800188487907903,9.832728556662875,5237500
2018-07-02,9.750419616699219,9.754248449780379,9.624089117431177,9.647058465064182,2400000
2018-07-03,9.75616455078125,9.830814490612378,9.74659383504846,9.761906432592712,2905500
2018-07-05,9.390570640563965,9.446079143218272,9.28529460376244,9.323576550041105,8549000
2018-07-06,9.490103721618652,9.492017681992913,9.413539830366785,9.426938465700184,2238000
2018-07-09,9.878666877746582,9.884409672640237,9.777219657524892,9.842299798513002,4261500
2018-07-10,9.89206600189209,9.909292560403062,9.813587226486378,9.815501187130518,2448000
2018-07-11,9.945659637451172,10.00116814188861,9.882494378426603,9.890150220300113,5180500
2018-07-12,9.993514060974121,10.029881141708788,9.951403272394977,9.959060028331308,5057000
2018-07-13,10.204062461853027,10.238516488110333,10.137069282502948,10.154295839274791,4339000
2018-07-16,10.196406364440918,10.23851623144625,10.183007728906786,10.211718960377985,2234500
2018-07-17,10.265314102172852,10.341877999044334,10.194492999559236,10.198320920588717,4020500
2018-07-18,10.158124923706055,10.179179401899587,10.098787584694524,10.179179401899587,3151500
2018-07-19,10.073904991149902,10.12175765787108,10.049021677471986,10.093045510210152,2952000
2018-07-20,10.135156631469727,10.217462417774282,10.077733246955368,10.104530522157491,4721000
2018-07-23,10.173436164855957,10.221288821788736,10.148552856267992,10.154294736997437,2292500
2018-07-24,10.081561088562012,10.161952906254013,10.039450306492602,10.104529527392838,4594000
2018-07-25,10.271058082580566,10.286370681180504,10.165782027689273,10.200236059074447,3410500
2018-07-26,10.271058082580566,10.301683279780443,10.238518011931166,10.255744571266877,2532500
2018-07-27,10.22128963470459,10.305509368382358,10.200234244928353,10.282540930924341,3266000
2018-07-30,10.01839542388916,10.188749767661152,9.987769318827871,10.188749767661152,5342000
2018-07-31,10.339964866638184,10.623252037921526,10.24234557085912,10.454810721143197,8415500
2018-08-01,10.527547836303711,10.550517192220552,10.460554642141108,10.495007763302553,6262000
2018-08-02,10.581140518188477,10.623251300818024,10.433755517126023,10.439497398731694,5261500
2018-08-03,10.519888877868652,10.567741540558995,10.477779009312234,10.512233035974917,4615000
2018-08-06,10.42418384552002,10.489263061316159,10.382073066753318,10.483521180237192,3057500
2018-08-07,10.632820129394531,10.68450070996561,10.560085072151187,10.584968382256786,4430500
2018-08-08,10.487349510192871,10.52945937788921,10.462466199119214,10.516060742135211,3878500
2018-08-09,10.60219669342041,10.638564684419649,10.556257986323745,10.609853448841095,3074500
2018-08-10,10.460554122924805,10.491179320817945,10.420357295708621,10.422272169201493,6102000
2018-08-13,10.36867618560791,10.447154962625161,10.33039423379787,10.343792871295697,5047000
2018-08-14,10.389731407165527,10.405044005094204,10.345707574031369,10.405044005094204,3685500
2018-08-15,10.280627250671387,10.307425437456699,10.160039517349107,10.282542124002527,5809500
2018-08-16,10.305511474609375,10.372505578420991,10.286370954030183,10.309340308896234,7402000
2018-08-17,10.502660751342773,10.52371613883121,10.33804830995056,10.361017657626402,6365500
2018-08-20,10.449069023132324,10.491178896711542,10.389731677810087,10.443326228313406,2852000
2018-08-21,10.416528701782227,10.483522801009002,10.403130064479614,10.431841299740396,2318000
2018-08-22,10.45481014251709,10.472037613003298,10.391644880399555,10.399301635361612,3187500
2018-08-23,10.414613723754883,10.454809631736104,10.36101917977992,10.380159697179424,8760500
2018-08-24,10.439498901367188,10.485437611679487,10.416529546211038,10.458640334901908,3497500
2018-08-27,10.722785949707031,10.761067903548359,10.607939175469275,10.61942385289305,4526000
2018-08-28,10.674932479858398,10.732354949963549,10.54860195037062,10.69407299898888,7806500
2018-08-29,10.923763275146484,10.948646585659004,10.766807570506646,10.805089516471016,5466000
2018-08-30,10.849116325378418,10.916109515414067,10.797434821392333,10.868256845654136,3563000
2018-08-31,10.877825736999512,10.952475670248473,10.839543790157501,10.88165365786963,2465500
2018-09-04,10.753410339355469,10.801263006238463,10.659618966230605,10.795520211601376,2998000
2018-09-05,10.623250961303711,10.72086933447588,10.563913623039886,10.718955374001826,3716500
2018-09-06,10.787863731384277,10.833801522197133,10.711299833982533,10.828059640613146,5743000
2018-09-07,10.820403099060059,10.860599009081197,10.718955887367516,10.741925239583502,4365500
2018-09-10,10.849116325378418,10.887398278643612,10.82614697087655,10.875913601392678,5358000
2018-09-11,10.881654739379883,10.887397533969436,10.810832719962152,10.810832719962152,3307000
2018-09-12,11.000329971313477,11.007985814194633,10.885483200958694,10.90845255502965,3041000
2018-09-13,11.05583667755127,11.120915894981867,11.029039406415942,11.048179923206778,3127500
2018-09-14,11.37740421295166,11.390803760489844,11.318067792748348,11.36592045114215,6271000
2018-09-17,11.348692893981934,11.465452685884655,11.339122179835536,11.425256781726034,3692000
2018-09-18,11.452055931091309,11.473111323127048,11.386976707097018,11.417602814850246,5719500
2018-09-19,11.293187141418457,11.43483027692253,11.275959669222365,11.411860922470245,5529500
2018-09-20,11.312326431274414,11.32189714670754,11.251075130301539,11.283615197688698,3391500
2018-09-21,10.910367012023926,11.109433539408725,10.841459859390458,10.986930920600575,18428000
2018-09-24,10.881654739379883,10.933335327117367,10.84337278873309,10.898881297721145,6383500
2018-09-25,11.203222274780273,11.254902855228263,11.16302545646422,11.235761426247898,5773500
2018-09-26,11.379319190979004,11.446312365720436,11.352521921082431,11.429085810133655,5344000
2018-09-27,11.419991493225098,11.471787092155221,11.3547674395629,11.39313458376095,3043000
2018-09-28,11.634843826293945,11.701986077694126,11.600313133540466,11.701986077694126,7923000
2018-10-01,11.621417045593262,11.705825112868869,11.611825032659619,11.665538841496504,3161500
2018-10-02,11.47562026977539,11.542763439092663,11.454518941049475,11.52933498817813,3636000
2018-10-03,11.187867164611816,11.255010339041641,11.176357847018377,11.251172985099146,4896500
2018-10-04,10.948071479797363,11.15909116986072,10.877092786456274,11.155254730962447,9180000
2018-10-05,10.978767395019531,11.109215484728418,10.894359323284208,11.07852213941271,3877000
2018-10-08,10.948071479797363,10.997948844453346,10.829133641249427,10.915459919672827,4688500
2018-10-09,11.120725631713867,11.170603003523869,11.084276712718502,11.090032286636054,5348500
2018-10-10,10.761992454528809,11.105378468096786,10.750482221947426,11.099622894433743,8057000
2018-10-11,10.650728225708008,10.861747951427352,10.58934061923994,10.74089095826447,6484000
2018-10-12,10.648808479309082,10.775420113640543,10.529869722970657,10.69293027200295,7059000
2018-10-15,10.790767669677734,10.863665505060151,10.631543546578744,10.658401365991773,7016500
2018-10-16,11.030562400817871,11.036317059729496,10.894358744384352,10.915460989883048,6697500
2018-10-17,11.107295036315918,11.14949860634308,11.013295884745787,11.10537681696167,5801500
2018-10-18,10.748564720153809,10.97301198361882,10.66799308670312,10.97301198361882,8777000
2018-10-19,10.6795015335083,10.871337199343666,10.675665094614976,10.834888285623256,3846000
2018-10-22,10.700603485107422,10.769663957027044,10.641134110159562,10.742807056016936,2515000
2018-10-23,10.564401626586914,10.598932325739295,10.23444405178347,10.455054869976745,7309000
2018-10-24,10.182646751403809,10.552889622372259,10.18072853200808,10.550971402976531,7949500
2018-10-25,10.259381294250488,10.3341973411827,10.098238968954602,10.165381223350966,9093000
2018-10-26,10.054119110107422,10.119343157593887,9.925588320206254,9.98122126860999,13636500
2018-10-29,9.783628463745117,10.161545150931351,9.651262169626406,10.10207577218146,12843500
2018-10-30,10.24979019165039,10.529870380261245,10.167301259608347,10.359136942578473,13546000
2018-10-31,10.384076118469238,10.451218381999738,10.30158626777914,10.412851243590204,8834500
2018-11-01,10.677584648132324,10.683339307191305,10.531788975034788,10.644972169230593,7691500
2018-11-02,10.293913841247559,10.533708695529647,10.221016000642974,10.495341555434305,7817000
2018-11-05,10.228687286376953,10.309258908346964,10.199912164474265,10.309258908346964,4794500
2018-11-06,10.263219833374023,10.334199455935629,10.21142423870548,10.286240300947776,3555000
2018-11-07,10.600850105285645,10.641135461918314,10.409014420312438,10.453136216221159,8080500
2018-11-08,10.437788963317871,10.552890367894292,10.372564925532364,10.539461916430941,5383000
2018-11-09,10.372565269470215,10.424360857509832,10.313095888306526,10.393667514502903,4789000
2018-11-12,9.88530158996582,10.113586181906232,9.869954918815344,10.10783152325405,8250000
2018-11-13,9.829667091369629,9.960115135451554,9.800891975857763,9.871870655103328,4749000
2018-11-14,9.81048583984375,9.910240577497675,9.729915127774666,9.89681212548616,4359500
2018-11-15,9.908321380615234,9.933260062568975,9.706893705564955,9.726077729257648,3564000
2018-11-16,9.747180938720703,9.779793419394277,9.599467952656285,9.609059051609005,4174500
2018-11-19,9.781710624694824,9.988892976502491,9.768282172808945,9.952444974772733,7899000
2018-11-20,9.501629829406738,9.612894791272272,9.461344476337654,9.536160524070791,7064000
2018-11-21,9.691549301147461,9.768283584367971,9.66085503901237,9.695385740885044,3915500
2018-11-23,9.53232479095459,9.649345345864127,9.526570131571225,9.564937271694658,1813000
2018-11-26,9.787466049194336,9.808567379125334,9.674282862311102,9.695384192242102,6402000
2018-11-27,9.854609489440918,9.902568643231053,9.760609401653088,9.808568555443223,4785000
2018-11-28,10.15003490447998,10.151953123994211,9.869954731020362,9.940934341514703,5210000
2018-11-29,9.952445030212402,10.023423729220383,9.900648527227276,9.996566825299018,5500000
2018-11-30,10.132771492004395,10.222934225536193,10.086730557969103,10.142363505719208,4047500
2018-12-03,10.391748428344727,10.424360905842391,10.334198181253734,10.374483537166366,5413500
2018-12-04,9.881464958190918,10.207586058816831,9.868036506853002,10.18456559516765,5566000
2018-12-06,9.948607444763184,9.960117676853741,9.712649973768398,9.718404632441345,3917000
2018-12-07,9.808568000793457,10.036852608591019,9.78554753509636,9.975465004980332,3175000
2018-12-10,9.804729461669922,9.837341018802867,9.622484909550856,9.716484971892408,5120000
2018-12-11,9.812403678894043,9.937097096125404,9.764445446281302,9.904485534538527,9071500
2018-12-12,10.094404220581055,10.226770532093521,10.057955300734708,10.082893987221958,4634000
2018-12-13,10.013832092285156,10.128934420188932,9.981220528333019,10.088648148050252,3101000
2018-12-14,9.839262962341309,9.958200823940329,9.812405140614317,9.900649655589326,3753000
2018-12-17,9.687713623046875,9.837344846769337,9.641672683596958,9.82007995184806,3557500
2018-12-18,9.474773406982422,9.632078388284993,9.445997369266733,9.59562947230752,5819500
2018-12-19,9.353917121887207,9.587957306408933,9.273346405684256,9.474774110936368,7140500
2018-12-20,9.259919166564941,9.438326429213596,9.154408836096326,9.32322499894817,6573000
2018-12-21,8.96449089050293,9.190857299791206,8.956818011049313,9.089184329072303,6203000
2018-12-24,8.801426887512207,8.933794068801749,8.755386884461263,8.837875794976155,4038000
2018-12-26,9.135222434997559,9.144814446088116,8.79567292624583,8.974080124705386,5758500
2018-12-27,9.309793472290039,9.309793472290039,9.027794192190859,9.131386268515108,4030000
2018-12-28,9.234977722167969,9.344323545184999,9.17934478622136,9.325140436570175,3039000
2018-12-31,9.261837005615234,9.363509977238794,9.192775601449334,9.3481633034502,4293500
2019-01-02,9.346244812011719,9.39612127168927,9.093020585505744,9.125633066760656,3899000
2019-01-03,9.020123481750488,9.261836555083642,8.99518479502783,9.252244541403057,8092500
2019-01-04,9.440240859985352,9.505464886147882,9.211956311044252,9.231139417682884,5925000
2019-01-07,9.538079261779785,9.651262449263342,9.482446320451958,9.488201893914331,3370000
2019-01-08,9.57069206237793,9.6416716842152,9.478611107767385,9.620569436697139,5165000
2019-01-09,9.578364372253418,9.616731506958285,9.461344748615275,9.55534390848157,3294500
2019-01-10,9.419140815734863,9.42297816975296,9.304039404830666,9.338570102525335,5335000
2019-01-11,9.396120071411133,9.415304096697486,9.355834716003397,9.376936960869452,2955000
2019-01-14,9.288694381713867,9.350081994707871,9.26567391249801,9.342408200054297,3679500
2019-01-15,9.561098098754883,9.616730115868972,9.515057177871144,9.52273096959994,4929000
2019-01-16,9.516977310180664,9.576446692485696,9.492038625479653,9.511222651285676,4404000
2019-01-17,9.497795104980469,9.545753344580191,9.373101669582663,9.405713235920684,3543500
2019-01-18,9.626322746276855,9.660852524417061,9.551506702398788,9.61289429594576,4447000
2019-01-22,9.298283576965332,9.428731643308236,9.242650640771604,9.407629400468071,4509000
2019-01-23,9.296366691589355,9.422978337309818,9.225387075301178,9.403794311112309,4016000
2019-01-24,9.27910041809082,9.286774211132583,9.204284366226155,9.234978623648532,4434500
2019-01-25,9.353917121887207,9.401876273565279,9.334734010062819,9.386529601156822,3911000
2019-01-28,9.367344856262207,9.386528881360222,9.246488791225508,9.307876390896624,3719000
2019-01-29,9.357752799987793,9.421058618923972,9.328977677219891,9.407630167315974,3371000
2019-01-30,9.438324928283691,9.449835160954304,9.267590572623522,9.357753299589401,4610500
2019-01-31,9.614813804626465,9.69538451741728,9.532323957464225,9.599467132867932,7918000
2019-02-01,8.853224754333496,9.599467068835255,8.655634412927935,9.59179327563483,34814000
2019-02-04,8.880082130432129,8.905020813659295,8.788000275596659,8.803347861232334,9886000
2019-02-05,8.79759407043457,8.86665547555387,8.778410956620206,8.862818120995135,8047500
2019-02-06,8.482980728149414,8.56930700266193,8.43693980447752,8.53477630990801,14112500
2019-02-07,8.260453224182129,8.277718116306666,8.139596235076166,8.23551453847739,15245500
2019-02-08,8.49640941619873,8.536694768166726,8.377471579710663,8.517511659262983,10392500
2019-02-11,8.553961753845215,8.576982219504895,8.479145697823615,8.538615081653669,10224500
2019-02-12,8.494492530822754,8.534777889117468,8.446533378914634,8.446533378914634,5770500
2019-02-13,8.644124984741211,8.697838797907611,8.532860004078831,8.542452017785624,7351000
2019-02-14,8.655634880065918,8.711266910851185,8.62110418091744,8.632614413966932,3650500
2019-02-15,8.784165382385254,8.834042757616936,8.732369787297708,8.7381244468653,7227000
2019-02-19,8.866652488708496,8.918448067727553,8.847468466611687,8.866652488708496,8314500
2019-02-20,8.993266105651855,9.112203958948472,8.949143393871921,9.10261194576874,11134000
2019-02-21,9.13906192779541,9.217714432585565,9.100694785355468,9.179347290145623,11075000
2019-02-22,9.187020301818848,9.236897674215818,9.165918055114052,9.188938521565692,5948000
2019-02-25,9.296366691589355,9.350080501350833,9.282938239148987,9.31363158337134,4984000
2019-02-26,9.2445707321167,9.277183212678477,9.204285372419047,9.240734292548762,6528500
2019-02-27,9.290610313415527,9.300202325683768,9.234978288800077,9.277181862137846,4332000
2019-02-28,9.20620346069336,9.254162613586564,9.192775007652632,9.248407954316864,4004500
2019-03-01,9.187020301818848,9.219632781749464,9.148653162647697,9.173591848846183,4845000
2019-03-04,9.135222434997559,9.183181575705822,9.060406395031354,9.165915772793912,6154500
2019-03-05,9.142895698547363,9.188936621932584,9.117957017504462,9.160161502189103,3191500
2019-03-06,9.117959022521973,9.171673749864658,9.11604080274987,9.1467350633378,3427000
2019-03-07,8.901185035705566,9.016286459882322,8.85130766042116,9.016286459882322,6801000
2019-03-08,8.814858436584473,8.824450450289783,8.669063670191818,8.686328563065556,5370500
2019-03-11,8.843633651733398,8.858980323381699,8.663307286945622,8.690165105761011,7778000
2019-03-12,8.883919715881348,8.949143761643452,8.855144589904342,8.866654823244096,6451000
2019-03-13,8.951062202453613,8.985592903325605,8.912695061955215,8.933797309390009,4603000
2019-03-14,8.847469329833984,8.870489792698388,8.81485685498531,8.868571573250456,3890500
2019-03-15,8.872408866882324,8.926122675577455,8.834041729993702,8.86473507360672,4240000
2019-03-18,8.83979606628418,8.878163201772596,8.820612955912305,8.872408543084433,3164000
2019-03-19,8.734285354614258,8.887753873413754,8.726611562776473,8.862815193371608,11158000
2019-03-20,8.302656173706055,8.461879374429573,8.250860586507352,8.44845092273897,18645000
2019-03-21,8.442694664001465,8.46379690469229,8.258531899618024,8.266205691163185,6962000
2019-03-22,8.062860488891602,8.19714499148786,8.060942269532308,8.19714499148786,7895500
2019-03-25,8.085882186889648,8.149188009147602,8.039841256249426,8.076290173882152,4774500
2019-03-26,8.197144508361816,8.30073658035926,8.149186282972341,8.200981861598805,6589000
2019-03-27,8.208656311035156,8.26045281432828,8.166452735299869,8.224003897434068,8481500
2019-03-28,8.16877555847168,8.230426823029664,8.12253779905837,8.224647447605587,4891500
2019-03-29,8.137951850891113,8.161071194097541,8.087860246835097,8.149511522494327,4543500
2019-04-01,8.280518531799316,8.288225284477505,8.213087890891094,8.222721102070436,5003000
2019-04-02,8.12446403503418,8.193821131591497,8.103271155045826,8.151436290288332,6629000
2019-04-03,8.166849136352539,8.216940731611789,8.159143302419468,8.199601686588808,5052500
2019-04-04,8.19189453125,8.215013869259758,8.097491639495935,8.101344556273052,11892000
2019-04-05,8.297859191894531,8.340244038496946,8.288225979906908,8.332537285172116,6061000
2019-04-08,8.977948188781738,9.039599462100812,8.276666677290475,8.284373430957997,41655500
2019-04-09,8.898956298828125,9.01647852982356,8.825745367254495,8.98372689952778,21366500
2019-04-10,8.877763748168945,8.906663381392358,8.835378905584273,8.835378905584273,5160500
2019-04-11,8.910515785217285,8.943268333514917,8.860424192922977,8.875836778550415,5788000
2019-04-12,9.053084373474121,9.083910465321335,9.006846613713664,9.02803857576795,4924000
2019-04-15,9.11473560333252,9.182166243560705,9.041524668985591,9.060791091149971,8523000
2019-04-16,9.238038063049316,9.272717071478848,9.193725843610432,9.226478393572807,5331500
2019-04-17,9.197580337524414,9.301616451585705,9.164827785217815,9.270790357884147,11747500
2019-04-18,9.220699310302734,9.253451864565971,9.164828332724277,9.205286721868024,5381500
2019-04-22,9.17253303527832,9.182165326725157,9.107028860072424,9.17253303527832,6718000
2019-04-23,9.305468559265137,9.326661439424178,9.174460198783095,9.193725701831136,10406500
2019-04-24,8.950976371765137,9.00492089408535,8.937490241185083,8.97024279755021,10594500
2019-04-25,8.989507675170898,9.031893441460497,8.945196368846123,9.022260229242526,8844500
2019-04-26,9.679229736328125,9.81023810601385,9.286203708597334,9.315102424536382,19266500
2019-04-29,9.681157112121582,9.729322255699044,9.577120989945437,9.631065509788815,5990500
2019-04-30,9.704276084899902,9.738954178521938,9.638770977672351,9.658037401838964,7436000
2019-05-01,9.89500617980957,9.993261972573636,9.708125966005154,9.708125966005154,10925000
2019-05-02,9.914274215698242,9.972072566234592,9.835283902193243,9.877668746804156,6749000
2019-05-03,10.066473960876465,10.108859717819366,9.921979484164835,9.947025279204375,13525000
2019-05-06,9.868037223815918,9.921981742742682,9.748587596279584,9.854550175410541,11141500
2019-05-07,9.419137001037598,9.488495010390622,9.365192495100889,9.442256337488605,16553500
2019-05-08,9.392165184020996,9.455742902875592,9.324734548470214,9.372898763193053,6102000
2019-05-09,9.392165184020996,9.46152227791987,9.266936204659896,9.27078912135608,9516500
2019-05-10,9.575190544128418,9.606016630356145,9.32473353139771,9.438402829598546,10740000
2019-05-13,9.25345230102539,9.37482839285529,9.222627122702033,9.344002295858202,7378500
2019-05-14,9.332442283630371,9.351708708384432,9.257304880702188,9.27657130545625,5730500
2019-05-15,9.621429443359375,9.648401695280356,9.446108887199564,9.532805936187536,10889500
2019-05-16,10.018309593200684,10.081887314790775,9.681155482266876,9.81023738387804,26507500
2019-05-17,10.135830879211426,10.328490466962904,10.091518668758228,10.253353089938821,16591500
2019-05-20,10.056842803955078,10.187852099424825,10.020238251738203,10.122347911026786,10099500
2019-05-21,9.831430435180664,9.86996236049195,9.740880456632821,9.86996236049195,7256500
2019-05-22,9.72739028930664,9.771702494468903,9.704271876475538,9.754363455177257,5639000
2019-05-23,9.313175201416016,9.357486500973328,9.27271681868798,9.340147456568038,9472500
2019-05-24,9.436477661132812,9.475010507603367,9.376753770185427,9.376753770185427,4071000
2019-05-28,9.473082542419434,9.580972484759112,9.457669955991928,9.577119567820626,4397500
2019-05-29,9.29198169708252,9.338220370620752,9.249596858788125,9.336293912335572,4348000
2019-05-30,9.349778175354004,9.399869755478056,9.305465968933515,9.353631091156378,3065500
2019-05-31,9.247671127319336,9.266936630358776,9.1917992392905,9.243817291772606,5426000
2019-06-03,9.20528507232666,9.317027926133498,9.189872486653808,9.249597289643821,4248000
2019-06-04,9.272717475891113,9.280423310095818,9.110883014835427,9.17638719894345,5070500
2019-06-05,9.2688627243042,9.344000112417753,9.195651794551477,9.344000112417753,3821000
2019-06-06,9.141709327697754,9.201434143591605,9.11858998485667,9.17831480075052,5799500
2019-06-07,9.413358688354492,9.459596447799969,9.274643572670923,9.274643572670923,5731500
2019-06-10,9.559779167175293,9.594458174056825,9.473082109308223,9.567485919373475,8556000
2019-06-11,9.598311424255371,9.656109771065784,9.569412710186942,9.609871093617453,5320500
2019-06-12,9.513543128967285,9.542441847253382,9.440332185213725,9.473083820958319,7899500
2019-06-13,9.569412231445312,9.606017696148339,9.515467722903383,9.519320639606804,5993500
2019-06-14,9.889227867126465,9.933540086519761,9.715834662504326,9.737026624294822,18680500
2019-06-17,10.037574768066406,10.147391153053661,9.96821676112495,9.96821676112495,12775500
2019-06-18,10.058771133422852,10.128128245740605,10.03757824861871,10.074183722974157,8478500
2019-06-19,10.20711612701416,10.243721592604707,10.130052279036232,10.19748383502207,11402000
2019-06-20,10.392069816589355,10.426748823458537,10.26684083512303,10.413262696121665,8393500
2019-06-21,10.257209777832031,10.336200100055136,10.155100112842721,10.209044633514722,12391500
2019-06-24,10.239869117736816,10.351611977729435,10.234088823618565,10.315006510559083,7651500
2019-06-25,10.124272346496582,10.220601691829266,10.116565594653634,10.126198804788947,9343000
2019-06-26,10.10693359375,10.182070988182895,10.020237448179975,10.145465520227875,5403000
2019-06-27,10.15317153930664,10.16858412504933,10.058768647793324,10.122346367821258,5138000
2019-06-28,10.093446731567383,10.180143789507648,10.05491480789099,10.180143789507648,4431000
2019-07-01,10.347758293151855,10.368951174105536,10.207116716535573,10.318859578159444,9217000
2019-07-02,10.341979026794434,10.34583194385447,10.23601645825464,10.262988715022093,6934500
2019-07-03,10.54234504699707,10.55968409183937,10.440235399059333,10.444088315985718,3920500
2019-07-05,10.602068901062012,10.617482406066724,10.47684083328204,10.478767291739238,7343500
2019-07-08,10.53078556060791,10.580877156215958,10.53078556060791,10.577023320549014,8455000
2019-07-09,10.476841926574707,10.501887726479024,10.384364561590361,10.428676785424303,6536000
2019-07-10,10.55390453338623,10.63482129947817,10.532711653311582,10.617482254936625,4169500
2019-07-11,10.600142478942871,10.636747945775818,10.575096681566306,10.594363103551462,13985000
2019-07-12,10.74463939666748,10.787024244843888,10.70225362981738,10.727299430711096,3850500
2019-07-15,10.74463939666748,10.79858391592358,10.721520054508098,10.788950703578221,4588500
2019-07-16,10.401702880859375,10.501886064623303,10.343904536890374,10.436380968567263,7307000
2019-07-17,10.47491455078125,10.55775870381295,10.436382621589999,10.553905786495923,5128500
2019-07-18,10.393996238708496,10.413262659793112,10.289960137137427,10.33619789412817,3950000
2019-07-19,10.338127136230469,10.467209057294514,10.336199758835482,10.463356139851912,2003500
2019-07-22,10.365097999572754,10.413263135812537,10.341978660683774,10.40748284175351,4826000
2019-07-23,10.482620239257812,10.494179908708315,10.409409305629152,10.457574441893986,3651000
2019-07-24,10.615555763244629,10.636747724579328,10.548124206372417,10.571243544804402,5578500
2019-07-25,10.50959300994873,10.550051395670762,10.4652817071123,10.49995979848912,6907000
2019-07-26,10.557758331298828,10.582804130323122,10.517299944876575,10.557758331298828,8159000
2019-07-29,10.538491249084473,10.565464423686326,10.40362996944304,10.40362996944304,15010000
2019-07-30,11.000874519348145,11.060599321197827,10.79280232005358,10.800508153406117,15987000
2019-07-31,10.95463752746582,11.037481679447211,10.842894658625788,10.981609785690372,7215500
2019-08-01,10.760051727294922,11.03748198921007,10.723446256198956,10.87564751664729,11218000
2019-08-02,10.592436790466309,10.682986770222769,10.532711983900892,10.654088055521969,6330500
2019-08-05,10.336200714111328,10.370879730320858,10.272622977064076,10.370879730320858,9366500
2019-08-06,10.596290588378906,10.596290588378906,10.467208672065516,10.553905742049128,5974000
2019-08-07,10.698399543762207,10.758124351371256,10.582803764265513,10.688766332469084,11949500
2019-08-08,10.837115287780762,10.85445433416931,10.654088856025757,10.675280819684284,7499500
2019-08-09,10.81014347076416,10.902619919733622,10.73307961017733,10.881427036536454,2131000
2019-08-12,10.711886405944824,10.79858347617512,10.677207394117975,10.788950264222052,2524000
2019-08-13,10.839040756225586,10.912251689708931,10.694546266391455,10.731151733133128,5704000
2019-08-14,10.46528148651123,10.646381448501106,10.43060247719181,10.640601154277741,6363500
2019-08-15,10.600142478942871,10.638674404239621,10.51537279449416,10.538491214733359,4364000
2019-08-16,10.736932754516602,10.781244980561041,10.565465982622948,10.565465982622948,6273500
2019-08-19,10.735005378723145,10.785096976751499,10.713812496888496,10.735005378723145,4674000
2019-08-20,10.723443984985352,10.792801995111024,10.70995785835094,10.78894815987728,1890500
2019-08-21,10.914177894592285,10.99509466003164,10.827480835236667,10.852526631968878,5264000
2019-08-22,10.55197811126709,10.669500343949853,10.478767178642332,10.62904196076466,7918000
2019-08-23,10.372802734375,10.607848096610775,10.33812464838939,10.5577565072166,6518000
2019-08-26,10.696473121643066,10.787023103289977,10.682986993256232,10.698399580173529,5873000
2019-08-27,10.69454574584961,10.78509571973012,10.656013822524423,10.733077669174795,3631500
2019-08-28,10.713812828063965,10.733079251904396,10.623262840830703,10.638675428698857,2505000
2019-08-29,10.927664756774902,11.09720597005502,10.852527361527178,10.852527361527178,4580000
2019-08-30,10.96427059173584,11.014362190242554,10.898766405690207,11.002802519919955,1777000
2019-09-03,11.064453125,11.12995730711608,10.981608979103418,11.023994740634794,4289500
2019-09-04,11.272525787353516,11.287939293251775,11.158856463727131,11.180049345332028,4628500
2019-09-05,11.470964431762695,11.567294698787963,11.459404762972722,11.472890890115439,6479000
2019-09-06,11.405461311340332,11.447846155049007,11.366929384694194,11.43243356812527,3398500
2019-09-09,11.555736541748047,11.680965537794256,11.49793819023686,11.655919738585014,5722500
2019-09-10,11.413166046142578,11.44206567734875,11.351515704385829,11.390047627320552,3799500
2019-09-11,11.569223403930664,11.58848890987305,11.45555407098215,11.484452789232574,3655000
2019-09-12,11.607752799987793,11.644358263826744,11.559587667637937,11.586559921272219,3116000
2019-09-13,11.628946304321289,11.661698855897214,11.57692824845111,11.578855625686785,3306500
2019-09-16,11.55380916595459,11.607753677300273,11.49793727748351,11.544175955021844,2004000
2019-09-17,11.548028945922852,11.588487329691363,11.417020583622845,11.588487329691363,9273500
2019-09-18,11.388120651245117,11.436285786277654,11.286011005939434,11.390048028332192,4083000
2019-09-19,11.434358596801758,11.51720273400186,11.41316571826077,11.442065348636703,3097500
2019-09-20,11.39004898071289,11.478672505860557,11.320690959985004,11.426654449651451,3136000
2019-09-23,11.39004898071289,11.41894769667937,11.341883841653017,11.363075804647412,2131500
2019-09-24,11.349589347839355,11.515277641897008,11.312984798632636,11.496011219360595,4939000
2019-09-25,11.671332359313965,11.70215753442524,11.53454369257621,11.636653348308554,7612500
2019-09-26,11.445918083190918,11.574999973327433,11.411239078495393,11.542248345565106,4127500
2019-09-27,11.357792854309082,11.477613561106287,11.334601690314294,11.369388436306476,7508500
2019-09-30,11.427366256713867,11.437029395223881,11.228309842434559,11.303680664062979,3333500
2019-10-01,11.201255798339844,11.394513995520963,11.141345434678975,11.30561513266487,4942000
2019-10-02,10.982872009277344,11.064040161000761,10.921029213023859,11.064040161000761,5026000
2019-10-03,11.195456504821777,11.208984530176934,11.015725445341639,11.083366493645038,4119000
2019-10-04,11.353927612304688,11.375186332222817,11.187725504244767,11.187725504244767,3159500
2019-10-07,11.222513198852539,11.286288442476312,11.222513198852539,11.22831052939667,3307000
2019-10-08,11.056310653686523,11.133613920483127,11.021523907169763,11.122018338310871,3152500
2019-10-09,11.183862686157227,11.228311656038548,11.14907593481896,11.166468849724215,1617500
2019-10-10,11.079501152038574,11.123951038312,11.029253935309129,11.042782882761811,3606500
2019-10-11,11.236041069030762,11.384849354402384,11.208985017145013,11.208985017145013,6890000
2019-10-14,11.178064346313477,11.282423677986504,11.174199458926402,11.236042264758353,2307000
2019-10-15,11.30561351776123,11.340400264743195,11.237973388791557,11.24570316265801,4715000
2019-10-16,11.3867826461792,11.40997288941236,11.30368112604091,11.30561356951637,3738000
2019-10-17,11.603233337402344,11.643817419712757,11.54912030612737,11.601299972173296,3798000
2019-10-18,11.442828178405762,11.570378674045774,11.324940822502775,11.55685064702503,5395000
2019-10-21,11.437029838562012,11.51433310658345,11.423500891206997,11.487276133401066,2821500
2019-10-22,11.396445274353027,11.514333545881932,11.390647943717678,11.495007267375406,3248500
2019-10-23,11.321073532104492,11.365523416161025,11.255365849241779,11.357792721077574,2945500
2019-10-24,11.33073616027832,11.431230584199222,11.27662406171401,11.431230584199222,3637500
2019-10-25,11.307546615600586,11.328805338018867,11.214782873141377,11.253434509293356,3418500
2019-10-28,11.413840293884277,11.456356820872399,11.34233434612774,11.373256210641827,4374500
2019-10-29,11.448623657226562,11.467949933574099,11.369387951562333,11.375186203077625,7482000
2019-10-30,11.802288055419922,11.93756924207561,11.568445796036034,11.634153485030732,6325500
2019-10-31,11.755905151367188,11.80615236389494,11.674736081076738,11.804218999043618,3309000
2019-11-01,11.873793601989746,11.908580349664001,11.811950802189179,11.84093929782056,3068500
2019-11-04,11.898916244506836,11.953028344365956,11.854466361388567,11.943365206097518,3031000
2019-11-05,11.873793601989746,11.898917210610987,11.79455788911588,11.896984767105916,3318000
2019-11-06,11.736581802368164,11.827413111932154,11.726918661811705,11.796492167984848,2283000
2019-11-07,11.672804832458496,11.734647632785892,11.638018084487898,11.674737275980029,3247500
2019-11-08,11.674738883972168,11.70566074915865,11.624491659380958,11.643817940313482,4709000
2019-11-11,11.927906036376953,11.958827897896906,11.788759963356377,11.86606323486473,6993500
2019-11-12,12.00714111328125,12.078647050313498,11.964624592669653,11.982017505299934,5340500
2019-11-13,12.038064002990723,12.094108554115403,12.026468419736009,12.094108554115403,5446500
2019-11-14,11.953028678894043,12.001343450060833,11.854466693158212,11.983950537912937,2120500
2019-11-15,11.99361515045166,12.020671206542438,11.927907454012944,11.982019566194499,1626000
2019-11-18,12.06705093383789,12.177208499693318,12.045792213709404,12.177208499693318,4135500
2019-11-19,11.962692260742188,12.043860415810414,11.933703765578914,12.028399946491843,7562500
2019-11-20,11.881522178649902,11.95882636175603,11.837073217929637,11.927904504208065,4262500
2019-11-21,11.889253616333008,11.912444780561216,11.781029411971533,11.808085463061902,5748500
2019-11-22,11.827411651611328,11.924041202189544,11.821614320909926,11.912445619259051,3036000
2019-11-25,11.943366050720215,11.972355467575634,11.900849529470978,11.925973137829084,4397000
2019-11-26,12.204263687133789,12.213926824829732,12.101836823528377,12.175275195573493,11108500
2019-11-27,12.314423561096191,12.320220891887505,12.213929121825116,12.229389592129657,7827000
2019-11-29,12.26803970336914,12.291230866706446,12.21779248998084,12.225523184935806,4764000
2019-12-02,12.229389190673828,12.28350129572723,12.115366728438348,12.264175938862875,7577000
2019-12-03,12.482559204101562,12.490288979152696,12.35114289142667,12.445840008025327,8240500
2019-12-04,12.617837905883789,12.670018488596689,12.577253827353905,12.613973018841229,5619000
2019-12-05,12.600444793701172,12.617837706645723,12.523141524904597,12.592714098210454,5782000
2019-12-06,12.617837905883789,12.652624653849832,12.590781853530533,12.627501045017857,4999000
2019-12-09,12.741523742675781,12.813029683454452,12.679680941210277,12.679680941210277,6616000
2019-12-10,12.814962387084961,12.890333216507438,12.762782723873663,12.865209606699946,4364500
2019-12-11,12.859411239624023,12.861344604730789,12.793703550297206,12.847815656621915,6875500
2019-12-12,13.010153770446777,13.02368179793604,12.915457578021936,12.932850492928772,5761500
2019-12-13,13.058465957641602,13.100982475380178,12.986960025441311,13.025611656529357,5096000
2019-12-16,13.189882278442383,13.23239972080117,13.141568427213752,13.180220061113241,5547000
2019-12-17,13.091322898864746,13.158963036527833,13.081659758762088,13.149299896425175,3738000
2019-12-18,13.083590507507324,13.124174584847538,13.02561259593013,13.108714115602833,2788500
2019-12-19,13.118377685546875,13.182152929613734,13.106782102850385,13.153164433636345,3338000
2019-12-20,13.122243881225586,13.124176324946436,12.932850573665803,12.99469338037183,7972000
2019-12-23,13.157029151916504,13.174422064974289,13.064265413062214,13.104849491215488,3007000
2019-12-24,13.095186233520508,13.14156856329123,13.095186233520508,13.137702754791903,1322500
2019-12-26,13.145434379577637,13.14736682320009,13.112580073412802,13.141569492332733,2590000
2019-12-27,13.09904956817627,13.160892360032607,13.089386430364566,13.14736433570724,1755500
2019-12-30,13.087454795837402,13.100982820998723,12.996623506460645,13.099050377622477,4969500
2019-12-31,13.141569137573242,13.147366468284098,13.046872030407728,13.087456109966794,2748500
2020-01-02,13.346423149108887,13.346423149108887,13.195681489486033,13.199546376698606,4282500
2020-01-03,13.157029151916504,13.26718580382858,13.133837986821016,13.23819730822305,2593000
2020-01-06,13.356082916259766,13.373476748579943,13.184083487002454,13.189880816757487,3777500
2020-01-07,13.566737174987793,13.640175560049634,13.49136634634975,13.626647533488526,6581000
2020-01-08,13.616984367370605,13.744534858426695,13.59959145369121,13.682692056471062,8201000
2020-01-09,13.727139472961426,13.8488916898492,13.64210552039316,13.798644479903523,11886500
2020-01-10,13.69428825378418,13.810243167080056,13.671097086819458,13.810243167080056,5602500
2020-01-13,13.8450288772583,13.856624459869408,13.736803746730512,13.79671410329996,6361500
2020-01-14,14.00543212890625,14.098195858068285,13.916533286347093,14.096263414766845,9704000
2020-01-15,13.837298393249512,13.937792829730583,13.808309897042335,13.837298393249512,5429500
2020-01-16,14.034422874450684,14.05374823209497,13.953253792067086,13.95905204442977,5794500
2020-01-17,14.007365226745605,14.053746632730157,13.945522430571929,14.053746632730157,3902500
2020-01-21,13.939724922180176,14.01123086065308,13.935860035190611,14.01123086065308,4836000
2020-01-22,13.988038063049316,14.046015968764204,13.947453989812669,14.024757249747488,3804000
2020-01-23,14.028623580932617,14.05954544100736,13.918466931021886,14.05954544100736,2898500
2020-01-24,13.891412734985352,14.046019291428028,13.814108535236247,14.038288594994787,3391500
2020-01-27,13.781253814697266,13.856624641895738,13.750331953485555,13.806377423763424,6336500
2020-01-28,13.918465614318848,13.955184801324627,13.78898269891968,13.856622821547404,4063000
2020-01-29,13.875948905944824,13.918466346571291,13.84696041208322,13.895275182870964,3065000
2020-01-30,13.74839973449707,13.781254039784681,13.568669581019874,13.649838661689625,4354500
2020-01-31,13.562872886657715,13.719411881573851,13.510693221685669,13.719411881573851,4787000
2020-02-03,13.620847702026367,13.702016773509941,13.576398740344068,13.584128513752683,9055500
2020-02-04,14.107861518859863,14.274063652362113,13.752266085035938,13.947456716298605,7893500
2020-02-05,13.62664794921875,13.73293972137423,13.595726086473052,13.655636446801568,8995000
2020-02-06,13.827634811401367,13.827634811401367,13.715544803189852,13.715544803189852,3313000
2020-02-07,13.545478820800781,13.769658869232593,13.472041355270385,13.721344092403426,7312000
2020-02-10,13.56093978881836,13.568669563091566,13.456579542380856,13.553209093017463,4646500
2020-02-11,13.58992862701416,13.692355510930419,13.564805016939316,13.649838986775956,4260000
2020-02-12,13.676895141601562,13.680760028863897,13.586063840242634,13.586063840242634,2939500
2020-02-13,13.450780868530273,13.512623664178983,13.43338795662466,13.512623664178983,4551500
2020-02-14,13.301972389221191,13.437253569609672,13.230467372831223,13.427590430683141,7426000
2020-02-18,12.87873649597168,12.965702900819007,12.774377178765937,12.83621997602465,11728500
2020-02-19,12.961836814880371,13.019814724046281,12.923185182612299,12.940579016125874,6174500
2020-02-20,12.898062705993652,12.981164229493501,12.760849998409132,12.930917010988404,6630500
2020-02-21,12.743454933166504,12.948308674518357,12.706735744609226,12.938646457682964,4534500
2020-02-24,12.355006217956543,12.480624252574543,12.273837145534667,12.36853424310559,7069000
2020-02-25,12.28736400604248,12.658420744602891,12.20039853326763,12.610105978709633,11132000
2020-02-26,12.356938362121582,12.528937798145424,12.326016504295644,12.438106511050464,7767000
2020-02-27,11.767499923706055,12.121161908878765,11.76556655898767,11.964622952087852,10030000
2020-02-28,12.020669937133789,12.070917156432674,11.46988388995791,11.496939943191508,13613000
2020-03-02,12.399455070495605,12.418781347124812,12.041927246603596,12.291230870260337,10589500
2020-03-03,12.210062026977539,12.467096350399983,12.090242242828722,12.324084480945695,8572500
2020-03-04,12.521208763122559,12.55212970124411,12.285433154217104,12.326017231074504,6119000
2020-03-05,12.260310173034668,12.366602861506252,12.15981573671199,12.339546808885173,6299500
2020-03-06,12.198466300964355,12.221657464468217,12.012938835988662,12.136624426990856,5828000
2020-03-09,11.311410903930664,11.686331632059394,11.208984035818622,11.245702301929198,6874000
2020-03-10,11.659276008605957,11.817747424861793,11.413838189137305,11.806152764525848,15586500
2020-03-11,11.1683988571167,11.46988212655948,11.100758734431803,11.392578865911725,6749000
2020-03-12,10.159590721130371,10.720039824929824,9.952804543741863,10.538377253477915,10360500
2020-03-13,10.88431167602539,10.951951812728328,10.29873884842179,10.890109928615784,10061500
2020-03-16,9.987591743469238,10.408894812193717,9.844579874517796,10.049433617955954,7294500
2020-03-17,10.667861938476562,10.700716244582226,10.175052876057899,10.321929649432327,8512000
2020-03-18,10.58862590789795,11.228310803252143,10.064895920003483,10.586693464336106,18132500
2020-03-19,10.706512451171875,10.830198045075262,10.358647755037172,10.602153134484226,11914500
2020-03-20,10.254290580749512,10.996402456161931,10.207908242963306,10.915233365036071,8065000
2020-03-23,10.223366737365723,10.513254449395859,9.968265771945834,10.424355600188091,7963000
2020-03-24,11.015726089477539,11.015726089477539,10.737434870958184,10.88044582801556,11409500
2020-03-25,11.147143363952637,11.466019610429868,10.884311670496837,11.282423637289797,6125000
2020-03-26,11.692131042480469,11.694063485990721,11.20898514686603,11.336535633819357,7327000
2020-03-27,11.507454872131348,11.75576095468274,11.391061309215338,11.561771683156056,9717000
2020-03-30,11.672346115112305,11.72666292674629,11.472536654440942,11.627728073403086,6076000
2020-03-31,11.48029613494873,11.736362150968867,11.36972183711684,11.49775484512691,5289500
2020-04-01,11.028298377990723,11.33480164573418,10.98950053112498,11.23780749107664,5554500
2020-04-02,11.427916526794434,11.503572468481075,11.233927288500604,11.323162430617131,5539500
2020-04-03,11.1505126953125,11.35420163340584,11.012780007885002,11.251387287512149,3339000
2020-04-06,11.808136940002441,11.877973626421747,11.542371245876359,11.606387745920525,5984000
2020-04-07,11.767399787902832,12.201936103396786,11.728601935627077,12.172837945443412,6735500
2020-04-08,12.048683166503906,12.09912046159861,11.779037983118249,11.84887373978048,5563000
2020-04-09,11.945867538452148,12.114638113505192,11.833353513412264,12.071960762633609,5696500
2020-04-13,11.65682601928711,11.848875535480477,11.544312890113993,11.83335657887182,7758500
2020-04-14,11.916770935058594,12.037043989512894,11.813956588907983,11.988546446985922,8812500
2020-04-15,12.040923118591309,12.066141765911883,11.879912466478148,12.066141765911883,11036500
2020-04-16,12.073901176452637,12.118519208224992,11.94780794537461,12.108819515446617,13701000
2020-04-17,12.500678062438965,12.500678062438965,12.31638851618375,12.442481753100964,15911500
2020-04-20,12.328027725219727,12.498738067668459,12.260131723964033,12.335787664654795,12184500
2020-04-21,12.037043571472168,12.153437114486398,11.912890088918196,12.068082404617488,11018500
2020-04-22,12.159256935119629,12.217453242371647,12.11851933504049,12.161196688692879,4186500
2020-04-23,12.038984298706055,12.318329194536515,12.019585835808408,12.304749993004043,4927500
2020-04-24,12.21357536315918,12.258192476331786,12.07584266595027,12.258192476331786,5790500
2020-04-27,12.308629989624023,12.390106127069771,12.264012875677109,12.320269437830559,6166500
2020-04-28,12.205814361572266,12.423082497076813,12.199995100582832,12.392044588439164,4860500
2020-04-29,12.527836799621582,12.580213845569322,12.382344183087984,12.494858214203488,5968000
2020-04-30,12.463820457458496,12.50067762541007,12.298929378409388,12.446360825256564,5544500
2020-05-01,12.168956756591797,12.341607789750231,12.058383393233909,12.265951843761304,3126000
2020-05-04,12.015704154968262,12.130157941716925,11.90125129323323,12.085540834177769,3840500
2020-05-05,12.296990394592285,12.36488639903427,12.178656168975802,12.199995309663434,4786000
2020-05-06,12.405624389648438,12.465761381185478,12.267891697747215,12.40368463589139,4568000
2020-05-07,12.487099647521973,12.529777930402746,12.395924745479702,12.467701184860116,4502000
2020-05-08,12.708248138427734,12.78196433105943,12.529777843116106,12.609313297001705,4788500
2020-05-11,12.797483444213867,12.813002399429742,12.663630258569352,12.758685593667318,4584000
2020-05-12,12.723766326904297,12.880897471457777,12.716006387352882,12.787782821909083,5701000
2020-05-13,12.178656578063965,12.425023806054487,12.085541922413798,12.35324736679503,12719000
2020-05-14,12.349367141723633,12.349367141723633,12.099120420750369,12.209694703857059,6649500
2020-05-15,12.41726303100586,12.523956880826017,12.31444868844792,12.322208627986003,6206000
2020-05-18,12.428901672363281,12.504557609155597,12.161196263332071,12.22133324706756,9884500
2020-05-19,12.231032371520996,12.481279081292687,12.221333603710947,12.471579388469015,10592000
2020-05-20,12.254310607910156,12.38622401821093,12.232972394857374,12.26595005367239,10732500
2020-05-21,12.170896530151367,12.295049085477649,12.062262003600528,12.221333823726107,6073000
2020-05-22,12.267891883850098,12.283410839155612,12.14179863759205,12.260132868704204,4243500
2020-05-26,12.062261581420898,12.25237130247079,12.05838207436282,12.18059487181472,7175500
2020-05-27,12.215514183044434,12.22715363015907,12.03122463292112,12.124339284824522,7623000
2020-05-28,12.527836799621582,12.673328491141566,12.333846644243451,12.333846644243451,8034500
2020-05-29,12.562755584716797,12.562755584716797,12.347427191755791,12.454121973861495,5884000
2020-06-01,12.704366683959961,12.735405516525113,12.523956649409389,12.591853575325489,7118000
2020-06-02,12.948793411254883,12.96237261067405,12.7877818466978,12.799421292630456,7103000
2020-06-03,12.956552505493164,13.001170536013774,12.79748161845041,12.803300878946008,13616000
2020-06-04,12.838220596313477,13.076827877527437,12.814941701802795,12.997291500446991,5837000
2020-06-05,13.057427406311035,13.103985191466844,12.909995961673658,12.915815222311329,6372500
2020-06-08,13.299915313720703,13.344533349151408,13.055488770748893,13.094286620029914,6963000
2020-06-09,13.278575897216797,13.34647282580941,13.171882045162222,13.276636143545065,4933500
2020-06-10,13.67819595336914,13.695654662959214,13.414370005593712,13.579261107326635,9316500
2020-06-11,13.06906795501709,13.616118276688821,13.01669090480544,13.612238769269792,13922000
2020-06-12,13.247539520263672,13.546282895568583,12.972074116724853,13.52494467769852,11803500
2020-06-15,13.526883125305176,13.577320421786244,13.1699425425203,13.261117441925222,8200500
2020-06-16,13.453166007995605,13.676254319382602,13.346472161253596,13.67431364079383,5146000
2020-06-17,13.885762214660645,13.9245600603912,13.720871139052377,13.765489170400002,6876500
2020-06-18,13.87994384765625,13.938140157491993,13.854725200057116,13.89934230926361,4600000
2020-06-19,13.769369125366211,13.938139713533307,13.724751092567228,13.91292106673744,7569500
2020-06-22,13.910981178283691,13.930380564098744,13.765489484725308,13.82174603856443,3029500
2020-06-23,13.8974027633667,14.033195696702947,13.887703069911177,13.930381351109997,5948500
2020-06-24,13.705353736877441,13.866364398625638,13.637457730418184,13.848905689825747,3232500
2020-06-25,13.773250579833984,13.796529476323457,13.524944508978418,13.610299229421454,3411500
2020-06-26,13.517184257507324,13.66073621587155,13.424069598705358,13.62969830460881,4766500
2020-06-29,13.330955505371094,13.356174156221941,13.22038120740651,13.334835013190059,4860500
2020-06-30,13.410490036010742,13.427948744999483,13.280517282948388,13.313494947150867,3683500
2020-07-01,13.654915809631348,13.763549414957394,13.41824828729241,13.41824828729241,7748500
2020-07-02,13.623878479003906,13.676256458794587,13.573442103119355,13.676256458794587,5435000
2020-07-06,13.682074546813965,13.736391350810292,13.637457436392324,13.680134793101766,6987500
2020-07-07,13.416308403015137,13.590899181319342,13.394970187898782,13.54434139376791,4540000
2020-07-08,13.538522720336914,13.550162167729868,13.381390643038896,13.491964930765102,2667500
2020-07-09,13.876063346862793,13.901281994337504,13.672374413415307,13.835325745176029,4748000
2020-07-10,14.34357738494873,14.376555045144205,14.085571663948427,14.161227602063141,8334500
2020-07-13,14.425054550170898,14.867350792905562,14.386256699054787,14.646203134045098,9073000
2020-07-14,14.456092834472656,14.47355154305393,14.186447640752437,14.236884937780227,3788000
2020-07-15,14.904207229614258,15.107896156532574,14.721857442187035,14.764534796155594,9926000
2020-07-16,14.89838695526123,14.950764001870125,14.772293722679219,14.801392801361425,4677000
2020-07-17,14.758716583251953,14.82661351797661,14.634564011925416,14.735438612075185,5458500
2020-07-20,15.166091918945312,15.228168656585485,14.91584613988035,14.972102691953278,4375000
2020-07-21,14.997323036193848,15.183553270205358,14.966285126365449,15.179672837716529,3491000
2020-07-22,15.005083084106445,15.05358062794921,14.900328981414852,14.9895641290806,2085000
2020-07-23,14.82467269897461,15.129235306374209,14.780054663646292,15.03030139219353,3040500
2020-07-24,14.832432746887207,14.849892381498568,14.615164591276542,14.714099437361746,2677500
2020-07-27,15.233990669250488,15.249509624268407,15.059399881511208,15.067159821527023,4556000
2020-07-28,15.057458877563477,15.228169218614184,15.051638691781429,15.228169218614184,2396000
2020-07-29,15.19907283782959,15.274728786726598,15.045821186219815,15.059400387943862,2652000
2020-07-30,15.232049942016602,15.278606804094897,15.001201685197074,15.026420332369604,3121500
2020-07-31,15.123416900634766,15.125356654452025,14.919727949602708,14.933307151337262,5564500
2020-08-03,15.765520095825195,15.792678496591456,15.261148077997836,15.268907092494683,10748500
2020-08-04,16.172897338867188,16.324209215933067,16.006067433401054,16.20975543135864,8477500
2020-08-05,15.761642456054688,15.866396564282836,15.65688834782654,15.848937854582731,5895500
2020-08-06,15.610330581665039,15.736424757542059,15.588992364220784,15.685987457196756,5649000
2020-08-07,15.524975776672363,15.660767796077096,15.346504547572023,15.616150682562328,5508000
2020-08-10,15.528854370117188,15.606450069498297,15.46677762560956,15.606450069498297,3223000
2020-08-11,15.389181137084961,15.581229696943481,15.367841997094613,15.503634926555065,5198000
2020-08-12,15.66270637512207,15.70926231122825,15.414399415761878,15.424099108708617,6168000
2020-08-13,16.037107467651367,16.1379820657436,15.765521584319789,15.8217790698017,8971000
2020-08-14,16.087543487548828,16.219455986097582,16.07784379426957,16.1767777056743,7097000
2020-08-17,16.188417434692383,16.23885472772501,16.04680524848854,16.203935463301033,6187000
2020-08-18,16.097246170043945,16.275716489463683,16.029348304480667,16.266016794383216,3991000
2020-08-19,15.7325439453125,15.920713951203366,15.717025913915885,15.81013965237834,6771500
2020-08-20,15.40470027923584,15.435738187770143,15.299946181665485,15.338744029840196,6123500
2020-08-21,15.276667594909668,15.311585936473074,15.169973741537447,15.228170052462772,6685000
2020-08-24,15.47453784942627,15.573471766693174,15.396941223607985,15.501696252206496,4242500
2020-08-25,15.396940231323242,15.44543777245401,15.356202629778315,15.360083062078063,3180000
2020-08-26,15.736424446105957,15.753883155490056,15.546313771631088,15.596751070978197,4503000
2020-08-27,15.600628852844238,15.751940734147155,15.513334390566687,15.751940734147155,5164000
2020-08-28,15.4008207321167,15.451258027114829,15.286366941545074,15.338743990194875,5050000
2020-08-31,15.255328178405762,15.321284427934996,15.216530330152468,15.257267932066377,3886000
2020-09-01,15.422159194946289,15.540492494721445,15.276667493584291,15.369782145455423,5309500
2020-09-02,15.420219421386719,15.519154259192463,15.286367167307858,15.439618808217276,4444500
2020-09-03,15.01090145111084,15.31740472592012,14.880928707365022,15.296066510910913,5346500
2020-09-04,15.065217971801758,15.222350038559327,14.665600054829142,15.08849686502611,6207500
2020-09-08,14.745136260986328,14.91002735062487,14.71797785916544,14.880929195104446,6311500
2020-09-09,15.03030014038086,15.121475032137768,14.849890110413037,14.910026170393236,4441500
2020-09-10,14.840190887451172,15.119535757216436,14.82079150134992,15.086557170849764,4898500
2020-09-11,14.941065788269043,15.012841298315154,14.789753903557303,14.972103696665146,4130500
2020-09-14,15.076858520507812,15.181613547674827,14.989564052055858,15.001202574505154,3381000
2020-09-15,14.832432746887207,14.995384094848644,14.787815633464986,14.911968204518397,6918000
2020-09-16,14.935246467590332,15.131176397613112,14.915848004972325,15.107897502460533,8946000
2020-09-17,15.055519104003906,15.187431598049315,14.882868084579105,14.968223717498056,7307500
2020-09-18,15.317404747009277,15.552132512542965,15.195191942652686,15.53467380478164,6060000
2020-09-21,15.183551788330078,15.199070741729669,14.937184587430428,15.082677203712322,3812500
2020-09-22,15.2669677734375,15.340683963337735,15.096257424470242,15.33874420965831,3654000
2020-09-23,15.001203536987305,15.235931330035395,14.935247280474325,15.22817138955761,4365500
2020-09-24,15.088497161865234,15.22429009166969,14.900328108796035,14.93136601703003,4173500
2020-09-25,14.987622261047363,15.012840907843403,14.81885167287911,14.925545520856062,3088500
2020-09-28,15.038022994995117,15.197587504857516,14.975753623768504,15.197587504857516,3951000
2020-09-29,15.076939582824707,15.143100492534606,14.999103109297304,15.067209791662792,2245500
2020-09-30,14.934887886047363,15.069155477347834,14.843429148690753,14.934887886047363,3533500
2020-10-01,14.876511573791504,14.967969392525792,14.818133749129169,14.966023619684389,3598500
2020-10-02,14.399762153625488,14.584623554405804,14.325817222159763,14.399762153625488,6960000
2020-10-05,14.607975006103516,14.637163453633452,14.506787398256785,14.565165221200674,4231000
2020-10-06,14.310251235961914,14.479545540222125,14.288845878361126,14.465924202080917,4254000
2020-10-07,14.277170181274414,14.39587067766143,14.22463060208862,14.39587067766143,6192000
2020-10-08,14.425060272216797,14.45814026737476,14.30830554694313,14.351115334511585,3724500
2020-10-09,14.506786346435547,14.563218392503678,14.386140091611043,14.467868109922744,3778500
2020-10-12,14.514571189880371,14.571002311272022,14.411437810865284,14.413383583618925,3854500
2020-10-13,14.534029960632324,14.629380249389472,14.450356164257695,14.553489544091175,4535000
2020-10-14,14.479545593261719,14.574894960599455,14.452302916879509,14.51846383493403,4714000
2020-10-15,14.257710456848145,14.321925596364279,14.12344193174132,14.321925596364279,5645500
2020-10-16,14.140955924987793,14.212954156355941,14.098145212833971,14.15846880766999,5313000
2020-10-19,14.191549301147461,14.372519152326236,14.168198173017817,14.341384005525386,4111000
2020-10-20,14.70527172088623,14.763648618536411,14.512626288449331,14.522355152801657,6079000
2020-10-21,14.52430248260498,14.678029680638346,14.47760022015491,14.658570095322784,4366000
2020-10-22,14.516517639160156,14.588516801704396,14.440626930927271,14.571002990337393,3309500
2020-10-23,14.678027153015137,14.705269825458332,14.499003081630763,14.631324898607408,3756000
2020-10-26,14.827862739562988,14.872619224031729,14.701378232869589,14.740296471245712,4212500
2020-10-27,15.074994087219238,15.234558582517726,14.973806484197183,15.041913167814347,7336500
2020-10-28,15.878656387329102,15.94676307373328,15.394123707763924,15.937033281994394,13637000
2020-10-29,16.234758377075195,16.32232278398334,16.065462241671803,16.298973512653077,9225500
2020-10-30,16.27951431274414,16.355404085767763,16.069356019697903,16.199731138639592,7396500
2020-11-02,16.637563705444336,16.71929173042812,16.353460462918953,16.36902664533412,10388500
2020-11-03,16.814638137817383,16.978096014826072,16.7348568275407,16.7348568275407,5297000
2020-11-04,16.814638137817383,16.981987559745942,16.573345650875808,16.61420965618605,5196000
2020-11-05,17.589113235473633,17.6844644477291,17.26414600088343,17.269984246806157,9116500
2020-11-06,17.3945255279541,17.54630695382743,17.252473894789496,17.33809347255078,6972500
2020-11-09,16.853561401367188,17.513225747950525,16.851614700549487,17.513225747950525,9424500
2020-11-10,16.717344284057617,16.820478588913986,16.59475225205021,16.74458695783704,6500500
2020-11-11,17.14155387878418,17.25830951777019,16.78545242747072,16.828261281958984,6737000
2020-11-12,16.950851440429688,17.151279899545703,16.902202494977,17.02090295265353,6045000
2020-11-13,17.458740234375,17.52295538001655,17.22912232839805,17.312797058965685,5474500
2020-11-16,17.600793838500977,17.727277443173794,17.522957345832697,17.64749610525562,5755500
2020-11-17,17.45679473876953,17.649440188994173,17.419822267164704,17.55992906138351,8757500
2020-11-18,17.17268943786621,17.4529011375398,17.17074459292924,17.291389930903875,3732000
2020-11-19,17.289443969726562,17.316686643229872,17.209660794028043,17.293335515117327,4499500
2020-11-20,17.50933265686035,17.565764706375365,17.29138940561589,17.301119197309376,3119500
2020-11-23,17.472362518310547,17.67084621260901,17.410092214330508,17.532686121385353,3714000
2020-11-24,17.668895721435547,17.81483887343641,17.51906102422728,17.71754282017988,6044500
2020-11-25,18.141756057739258,18.194296566905674,17.884895470188333,18.17483698160195,8248500
2020-11-27,18.305213928222656,18.388888668677613,18.256566815927282,18.287701042027056,3334500
2020-11-30,18.15342903137207,18.291587235243032,18.023052062038385,18.223480555653733,4848500
2020-12-01,18.423912048339844,18.451154721866118,18.28380527954647,18.31883104386084,6201000
2020-12-02,18.023054122924805,18.165105743959366,17.933541151109136,17.978298564900996,5942000
2020-12-03,18.25851058959961,18.34996840797413,18.209861629335663,18.25267234321432,3773000
2020-12-04,18.36942481994629,18.371371520524576,18.252671035215634,18.272130617926727,2850500
2020-12-07,18.167049407958984,18.21764320380621,18.085319540999823,18.096996031608732,4507000
2020-12-08,18.16899871826172,18.252673450376747,18.126188001786268,18.17483696500114,3589500
2020-12-09,18.31688690185547,18.41418296351162,18.145645907571364,18.406398016656873,9943500
2020-12-10,18.30910301208496,18.328560738952984,18.161213153280336,18.233211382111875,3627000
2020-12-11,18.423912048339844,18.48228894078644,18.322724445022835,18.35191196336216,4538000
2020-12-14,18.16899871826172,18.49591269914653,18.163160471522296,18.478399814696452,4278500
2020-12-15,18.32077980041504,18.41612916845719,18.20402414665148,18.252673108956362,4121500
2020-12-16,18.507583618164062,18.556232571603996,18.301316880575083,18.34412758844866,4284000
2020-12-17,18.879255294799805,19.025200316427455,18.830608191435946,18.88898508662618,5998500
2020-12-18,19.208118438720703,19.332657192166106,19.097201024444256,19.28400822672822,6448000
2020-12-21,19.342382431030273,19.36768026068233,19.03298321939001,19.243141524611325,4695000
2020-12-22,18.964879989624023,19.130282767647593,18.929852361857584,19.06217421312277,3715000
2020-12-23,18.964879989624023,19.095255139881157,18.92206926936209,19.095255139881157,3348000
2020-12-24,18.844228744506836,18.984333658285582,18.785851851746354,18.964875931210727,1509000
2020-12-28,19.060224533081055,19.126386369815265,19.036873405749443,19.106926787744275,4818000
2020-12-29,19.542814254760742,19.620650738627088,19.332655933898423,19.459139524268178,4944000
2020-12-30,19.61092185974121,19.644002784473308,19.39297858130173,19.420221259135634,3081000
2020-12-31,19.673189163208008,19.73156791725805,19.57783979633499,19.64011009616808,3353500
2021-01-04,19.472759246826172,19.77437536481108,19.35405875796161,19.751024236011883,5320000
2021-01-05,20.064315795898438,20.144098969766304,19.848319257639485,19.852210802940956,5593500
2021-01-06,19.669296264648438,19.84637550385908,19.513623309424496,19.54864907483108,4907500
2021-01-07,19.84832191467285,19.865834798757827,19.626488956649553,19.669297816464347,3803500
2021-01-08,20.23555564880371,20.23750049346182,20.031233757866403,20.09934229202404,7002000
2021-01-11,20.206371307373047,20.43209768035066,20.107130387837355,20.301720680855926,5183000
2021-01-12,20.243343353271484,20.330909632809213,20.097400172631346,20.295883863301412,5961500
2021-01-13,20.216102600097656,20.30366888797091,20.081834044589545,20.089618993040958,3972000
2021-01-14,20.124637603759766,20.233608285614103,20.089611843383082,20.16939315441169,4155500
2021-01-15,19.858051300048828,19.984536743409613,19.756863687667447,19.807457493858138,5138000
2021-01-19,19.893075942993164,19.93394181040124,19.78994349145435,19.854158631998445,3505000
2021-01-20,20.02150535583496,20.159665422622435,19.931994245391206,19.931994245391206,4370000
2021-01-21,19.955345153808594,20.081828727375303,19.828859724473975,20.025398536712327,3246000
2021-01-22,19.67513656616211,19.8347010835703,19.659568526706202,19.774377482359938,3798000
2021-01-25,19.31903839111328,19.447468707513107,19.034933220628087,19.400766436864348,7289000
2021-01-26,19.402708053588867,19.494165878486857,19.340439606931252,19.4299507309726,3875000
2021-01-27,18.8753662109375,19.24119752363429,18.853961779588733,19.027147642841797,5576000
2021-01-28,19.001850128173828,19.151684847030236,18.719691718540393,18.754717486235414,7198500
2021-01-29,18.624340057373047,18.892875240075465,18.503692874537517,18.875362358385644,4296000
2021-02-01,19.173091888427734,19.194498176729017,18.86369261626,18.994067768259857,7497500
2021-02-02,19.31124496459961,19.42605388964026,19.297623629620812,19.361838759630537,6338500
2021-02-03,21.659963607788086,21.850664166489942,20.813492224279962,21.07424430729433,15131000
2021-02-04,21.576292037963867,21.628830684340425,21.212405635643183,21.59574976489892,6912000
2021-02-05,22.71076011657715,23.059080366067143,22.424712021485153,22.967622546744327,10132500
2021-02-08,22.498655319213867,22.50254686463839,22.25346939978921,22.25346939978921,5339000
2021-02-09,21.918773651123047,22.072501766880663,21.79229006646755,21.90515231345602,5071500
2021-02-10,22.049150466918945,22.280713205470047,21.84872009334567,22.280713205470047,3032000
2021-02-11,22.177581787109375,22.327416507287616,22.074447472347103,22.18731157950341,2351500
2021-02-12,22.091957092285156,22.109471829467527,21.947960639972294,21.951852185201307,2788500
2021-02-16,22.37217140197754,22.553142194738975,22.265147400364043,22.54341240263446,4247000
2021-02-17,22.362442016601562,22.43833365408987,22.156175245231275,22.43833365408987,2961000
2021-02-18,22.090015411376953,22.15812210205889,21.877910391990252,22.037474903840522,2836000
2021-02-19,22.48308753967285,22.924810426363127,22.16590338683587,22.185362969949693,9943000
2021-02-22,22.04331398010254,22.3604981707326,21.994666872289574,22.091961087915504,5482000
2021-02-23,21.87790870666504,21.96158342981489,21.31554048483967,21.593805472695404,5336500
2021-02-24,21.32721519470215,21.399213425872006,21.037273713620717,21.07813772502264,7374000
2021-02-25,20.836841583251953,21.227970602475466,20.792086034123006,21.157917228338192,6690000
2021-02-26,20.589717864990234,20.81933578967484,20.504096426646893,20.807659295460606,5014500
2021-03-01,21.031435012817383,21.12483952586993,20.792089195714166,20.88549185299875,4678000
2021-03-02,20.581928253173828,20.871869716884014,20.57803670790699,20.85630353581666,5412500
2021-03-03,20.338687896728516,20.737600028475814,20.33479635168123,20.706465812329757,5263500
2021-03-04,19.817188262939453,20.24139831785676,19.601191689546326,20.103238230457755,8212500
2021-03-05,20.264745712280273,20.286151996585044,19.70821572418086,20.161613259401783,5269500
2021-03-08,19.50778579711914,20.04291322462909,19.498057860848704,19.914482938949593,6213000
2021-03-09,19.754919052124023,19.846376873234366,19.47665218724095,19.507786409280364,6442500
2021-03-10,19.651782989501953,19.982588476688697,19.558378475925657,19.93977776533823,5367000
2021-03-11,20.081829071044922,20.169395337231173,19.80356409097534,19.902804993294716,4577500
2021-03-12,20.346477508544922,20.352313899570383,19.947565285317115,20.075995580168684,4350500
2021-03-15,20.507984161376953,20.517713952824423,20.27058318851615,20.408743257841493,4377500
2021-03-16,20.735660552978516,20.86992909859917,20.655877363663457,20.67339024879479,4119500
2021-03-17,20.61306381225586,20.685062037314715,20.387337490503306,20.58192773936266,3595500
2021-03-18,20.498254776000977,20.651981016155933,20.420418305693996,20.61500855357753,4303000
2021-03-19,20.482688903808594,20.589714757701852,20.336745738533807,20.589714757701852,3113500
2021-03-22,20.799875259399414,20.903007722848,20.531338173876257,20.626689401148933,10410500
2021-03-23,20.4534969329834,20.807653514877675,20.434039207645753,20.690899739780622,3806000
2021-03-24,19.916427612304688,20.39512298417423,19.908644521048164,20.39512298417423,6353500
2021-03-25,19.974803924560547,20.03123411293078,19.743239358162697,19.918371880422477,4856000
2021-03-26,20.513822555541992,20.529390593123967,20.2569619979313,20.26863849005977,4119500
2021-03-29,20.797298431396484,20.883142160766592,20.492947450363424,20.66073139910714,4085500
2021-03-30,20.38954734802246,20.465634163431965,20.235420101607524,20.35442878195276,3475500
2021-03-31,20.682193756103516,20.836321019167766,20.535871653334716,20.594400122324938,2987500
2021-04-01,20.848026275634766,20.898751445662747,20.58464537042181,20.789497805782947,2250500
2021-04-05,21.7318115234375,21.81960514781301,21.42551064592207,21.616704492419498,4162000
2021-04-06,21.441118240356445,21.51525516485696,21.329912853605677,21.48404010732684,2195500
2021-04-07,21.62841033935547,21.722055503427715,21.39039112844629,21.567930124312408,2446500
2021-04-08,21.425514221191406,21.452827632391678,21.265533543490857,21.32406387656566,2812500
2021-04-09,21.809852600097656,21.86252952501058,21.560128401596568,21.75522578053551,4116000
2021-04-12,21.7318115234375,21.90934866661368,21.68108635958912,21.75132163120679,2223500
2021-04-13,21.827404022216797,21.921051032057868,21.74741557351463,21.846914126031336,2674000
2021-04-14,21.807899475097656,22.008848368804692,21.794240911643833,21.946416398134065,2054000
2021-04-15,22.001047134399414,22.143467580691386,21.874233286799694,21.997143624139955,2541000
2021-04-16,21.675235748291016,21.78644114420275,21.599148923006766,21.782539494263368,3212000
2021-04-19,21.45672607421875,21.702546738265497,21.345520690708227,21.66547827709532,2068500
2021-04-20,21.189443588256836,21.480137873634376,21.07043490550614,21.392344247565017,2445500
2021-04-21,21.15627670288086,21.185541864997546,20.81680900890707,20.920209232664,2796000
2021-04-22,21.25382423400879,21.470381584443896,21.175785666501575,21.271382586095324,4532500
2021-04-23,21.44892120361328,21.52500801483761,21.341617477469363,21.41965604359598,2142500
2021-04-26,21.249921798706055,21.40209727880422,21.236265096412097,21.265528395278498,2684500
2021-04-27,20.810955047607422,21.011905806377236,20.555379336736543,20.777788236879754,7796000
2021-04-28,20.385644912719727,20.762181046991266,20.120312295054198,20.758279397708662,8676000
2021-04-29,20.45587921142578,20.580741296835487,20.311508878753845,20.567084593458784,4544000
2021-04-30,19.540874481201172,19.9583807017657,19.50965942800297,19.769138627745164,5402500
2021-05-03,19.386751174926758,19.74182732692482,19.24628062968989,19.698905461338057,5133000
2021-05-04,18.883399963378906,19.35943652192902,18.824871503590234,19.29895630722671,6892500
2021-05-05,19.047283172607422,19.133126910774312,18.9672947000353,19.058989982624027,4860500
2021-05-06,19.070690155029297,19.172140467024043,18.936074897663417,19.1545821169838,4130500
2021-05-07,18.93217658996582,19.109713736995243,18.873646265387624,18.924371430336933,4392500
2021-05-10,19.00240707397461,19.41016008578223,18.965338618355734,19.363336577570383,5229000
2021-05-11,18.739028930664062,18.77219574213282,18.42297299565978,18.641482111877796,4881000
2021-05-12,18.15373992919922,18.596607829208192,18.112769820227097,18.561491124542446,5496000
2021-05-13,18.138134002685547,18.214222687528938,17.900116614318367,17.98400859893516,6209500
2021-05-14,18.36834716796875,18.397612331527693,18.165446499367455,18.274700133049258,3483500
2021-05-17,18.323476791381836,18.46199559909823,18.235683154651916,18.391760317596987,3313000
2021-05-18,18.534177780151367,18.746833484989207,18.370297343718303,18.370297343718303,4562000
2021-05-19,18.594655990600586,18.608312692163366,18.305913503022033,18.442480518649855,2672000
2021-05-20,18.90485954284668,18.98289810768641,18.72732241252679,18.72732241252679,2593500
2021-05-21,18.80341148376465,19.01021565907533,18.79950983414138,18.986803900749337,2459500
2021-05-24,18.881454467773438,18.924374480010442,18.840482489731514,18.89315941822354,1902000
2021-05-25,19.18775177001953,19.273593638834615,19.10385979561714,19.218966825898992,4477500
2021-05-26,19.2014102935791,19.40626086150786,19.199458538395113,19.211165348326155,2889000
2021-05-27,19.425769805908203,19.46869167210363,19.215065845651253,19.35358463781318,2748500
2021-05-28,19.433574676513672,19.613063577134188,19.412112813442036,19.52721984602026,2128000
2021-06-01,19.349681854248047,19.482347234020462,19.275544935431004,19.482347234020462,2734500
2021-06-02,19.13117218017578,19.308711173319416,19.039476911848077,19.26188766170821,2725500
2021-06-03,19.265789031982422,19.375042650436015,18.94387972004869,19.074595199688634,3773500
2021-06-04,19.64427947998047,19.714512894989735,19.427722109000328,19.45308376206781,4457000
2021-06-07,19.538925170898438,19.570140225029537,19.43552309464309,19.451131552001726,6030500
2021-06-08,19.433574676513672,19.636473474071103,19.382849511977735,19.56428830704984,4799000
2021-06-09,19.06484031677246,19.281397661333145,19.043378455394468,19.240427554047194,2578000
2021-06-10,19.236522674560547,19.27554288477038,19.088250713286843,19.133122466559332,2847000
2021-06-11,19.431621551513672,19.455033307386326,19.236524206103596,19.310661122935976,3009500
2021-06-14,19.398456573486328,19.484300306651598,19.277496133490217,19.291152837322915,2432000
2021-06-15,19.324317932128906,19.507708470321685,19.2540845247095,19.507708470321685,2969500
2021-06-16,18.893156051635742,19.10191011245084,18.826822429145327,19.08434989902482,2957500
2021-06-17,18.748781204223633,18.76438966041959,18.45613707009122,18.4873521218971,3671000
2021-06-18,18.48930549621582,18.60831417080322,18.421021982976015,18.534177253403946,3315500
2021-06-21,18.906814575195312,18.932178089972695,18.72927741409952,18.733179063929935,5314000
2021-06-22,19.060941696166992,19.164341927959896,19.021921476978868,19.051186641369963,3586500
2021-06-23,18.756591796875,18.85218873473375,18.737081686123993,18.826825218640124,2610000
2021-06-24,18.879499435424805,18.953636357167134,18.846332624026452,18.861941082504,1895000
2021-06-25,19.168241500854492,19.220918418933547,19.033624364062472,19.070692824040183,2617500
2021-06-28,19.211166381835938,19.26579320288905,19.12532450026484,19.20531297655552,4108000
2021-06-29,19.486248016357422,19.54867998444016,19.363337695643796,19.412111100838874,2988500
2021-06-30,18.9672908782959,19.14482800269291,18.904858912155238,19.10385789706283,3910500
2021-07-01,19.168241500854492,19.23652501644863,19.033624364062472,19.101909740242867,2499500
2021-07-02,19.83156967163086,19.849128023598247,19.62671913103435,19.747677700468678,3677000
2021-07-06,19.72036361694336,19.931067554479046,19.507707924551212,19.85302899018486,3165000
2021-07-07,19.654033660888672,19.79645410028566,19.513563115940617,19.679395312828948,2649000
2021-07-08,19.380897521972656,19.43162268589362,19.12922345738209,19.28334884357292,3448000
2021-07-09,19.90765953063965,19.970089643707723,19.566240082046196,19.61696524663387,4373500
2021-07-12,20.34857749938965,20.42856596525929,20.182745302546238,20.307607388937473,5077500
2021-07-13,20.344675064086914,20.38954682228902,20.21395957822678,20.32906660617103,3046500
2021-07-14,20.4012508392334,20.541721372307023,20.354427328208857,20.48124115894917,3210500
2021-07-15,20.06958770751953,20.27248836071094,19.9778924347026,20.27248836071094,2193000
2021-07-16,19.80230712890625,20.013012962126105,19.7749937198829,19.942777684386154,2919000
2021-07-19,19.20726203918457,19.339927423227607,19.07264490012616,19.26188885257957,3562000
2021-07-20,19.330171585083008,19.41016190750115,19.096055882637152,19.181897748691437,2770000
2021-07-21,19.599407196044922,19.671594231692765,19.402359920481224,19.453085090666985,2097500
2021-07-22,19.417966842651367,19.648180915213874,19.412113437935677,19.626720912038174,1744500
2021-07-23,19.638425827026367,19.677446044281865,19.45893692094108,19.525270546040883,2428500
2021-07-26,19.371139526367188,19.58184344893784,19.277492511630896,19.558431695253766,2619500
2021-07-27,19.43747901916504,19.499909140819444,19.256038338367095,19.496007490789363,3763000
2021-07-28,20.12031364440918,20.165187265634096,19.769140997802744,19.782797701500847,4304500
2021-07-29,20.652929306030273,20.70365447249718,20.30565644003794,20.387596664195318,4086500
2021-07-30,20.34857749938965,20.432467614742404,20.215912114032182,20.290047175383993,3141000
2021-08-02,20.368083953857422,20.553426242387534,20.344674059019436,20.442220869269466,2037000
2021-08-03,20.227617263793945,20.465634629909598,20.028618253484083,20.40515441085362,3666000
2021-08-04,19.950578689575195,20.258831313522116,19.85108011965934,20.005205501339685,3098500
2021-08-05,20.06373405456543,20.28809468613296,19.921313633422276,20.284193037148857,2101500
2021-08-06,20.020814895629883,20.321264234973093,20.00325654253954,20.188596988098674,2066000
2021-08-09,20.022762298583984,20.04617405332,19.913508683539956,20.024714053389523,1934500
2021-08-10,19.681346893310547,19.802305468592348,19.564288106892025,19.743777005676233,2556000
2021-08-11,19.853031158447266,19.87449302186778,19.665738955803203,19.72231752578625,2260500
2021-08-12,19.548683166503906,19.605259879198876,19.26774391586667,19.548683166503906,2952000
2021-08-13,19.888147354125977,19.942774162525676,19.63256980272896,19.718413525002305,2462000
2021-08-16,19.55843734741211,19.689152854874592,19.394556884850076,19.505762281839974,3944000
2021-08-17,19.213115692138672,19.365291200695047,19.1272738131786,19.254087667268823,3877500
2021-08-18,19.179948806762695,19.386751113888387,19.177997051729587,19.347730897916676,1808500
2021-08-19,18.848283767700195,18.922420687037846,18.655138170663545,18.822920256070148,2707000
2021-08-20,19.049232482910156,19.08825269717546,18.88535204840282,18.88535204840282,2095000
2021-08-23,19.767189025878906,19.79450243297547,19.435524630632376,19.4901514448255,2713500
2021-08-24,20.311508178710938,20.395400151099167,20.00325555555629,20.094950826580465,3168000
2021-08-25,20.553428649902344,20.563183704187228,20.313459524135997,20.329067983109084,2041500
2021-08-26,19.83156967163086,20.118362289052172,19.796452967696087,20.118362289052172,2922500
2021-08-27,20.14372444152832,20.196401359329403,19.938873895826884,20.018862359135245,2015500
2021-08-30,19.989599227905273,20.055930988728495,19.968137365374186,20.046175934957322,1961000
2021-08-31,20.1846981048584,20.268590092883173,20.048131050343585,20.087149411382143,1906500
2021-09-01,20.442224502563477,20.545626595780362,20.25883393630139,20.290048995552844,2750000
2021-09-02,20.56708335876465,20.672435330001292,20.498799845980358,20.498799845980358,1757000
2021-09-03,21.11920738220215,21.127012541467376,20.80900486297049,20.967031894444382,3479500
2021-09-07,21.14067268371582,21.228464459602463,20.992398821175637,21.119210817977716,2549500
2021-09-08,21.03921890258789,21.17968758162951,20.879238255691796,21.12506076974742,1996000
2021-09-09,21.45087242126465,21.640116374428324,21.343568688501005,21.347472198546402,3275500
2021-09-10,21.523056030273438,21.81960369474199,21.511351082743122,21.62060470203736,2536000
2021-09-13,21.677181243896484,21.79814166002054,21.480134024459545,21.79814166002054,2584500
2021-09-14,21.710355758666992,21.82741270695731,21.62451201196167,21.778639288600786,2696500
2021-09-15,21.79033851623535,21.80789872839491,21.536712714102446,21.644016439008794,2193000
2021-09-16,21.907400131225586,21.92105683539403,21.66743100041833,21.79034133793434,2037500
2021-09-17,21.59719467163086,21.796193680232044,21.521107855140404,21.714253459215765,1938500
2021-09-20,21.179691314697266,21.3396701292045,20.96118402865549,21.246024946866555,3588500
2021-09-21,21.930809020996094,22.028357692546862,21.782535189085813,21.948367372546276,4812000
2021-09-22,22.360021591186523,22.475128611876816,22.065425688412827,22.108345688950823,4162000
2021-09-23,22.53365707397461,22.613645531730285,22.436108404446745,22.453666755632817,2771000
2021-09-24,22.9453125,22.9960376650736,22.67608007650863,22.80094216442721,4318500
2021-09-27,22.683883666992188,22.929706196456614,22.623403447021325,22.84191256883263,3155500
2021-09-28,22.192283630371094,22.569683154004203,22.09451127892175,22.48951128040069,4516500
2021-09-29,21.799243927001953,22.125802038006906,21.74840244394923,22.055407572897632,3365000
2021-09-30,21.623252868652344,21.90092571226524,21.537214157683977,21.803153347842745,2451000
2021-10-01,21.414024353027344,21.5665488108246,21.210658409297668,21.503973670140805,3053000
2021-10-04,20.917339324951172,21.185234750169474,20.78632595818157,21.140260095824065,4436500
2021-10-05,20.866498947143555,21.032711418807242,20.79610448091639,20.897787448636596,2565500
2021-10-06,20.641620635986328,20.6983289382942,20.354172258277902,20.532116492097405,3549000
2021-10-07,20.743303298950195,20.886050303058997,20.62988856076812,20.74917012510605,2581000
2021-10-08,21.019018173217773,21.216519097274098,20.90169284877199,21.02097440339458,3259500
2021-10-11,21.343626022338867,21.705383217398378,21.29474077172264,21.29474077172264,3838000
2021-10-12,21.304519653320312,21.37687035134422,21.177415009252123,21.314295212230572,2775000
2021-10-13,21.412067413330078,21.5020185923182,21.36318215975913,21.40228998964531,1873500
2021-10-14,21.828577041625977,21.852042485854252,21.634988525382404,21.634988525382404,2746500
2021-10-15,21.99869728088379,22.0886465847987,21.926346591660693,21.99869728088379,2882000
2021-10-18,21.93025779724121,21.936124623919103,21.607610302748146,21.652584955955607,3295500
2021-10-19,21.996740341186523,22.028028838355,21.85790579373161,21.93807767248771,2759000
2021-10-20,21.990877151489258,22.17468822911354,21.97132230539661,22.035851805620144,1845500
2021-10-21,21.95372200012207,21.97132061430982,21.711246402882683,21.742534900163818,3331500
2021-10-22,22.09060287475586,22.104290893425546,21.832484885640195,21.96154388019803,2328000
2021-10-25,22.546220779418945,22.679190374927437,22.325256242131513,22.395652568525215,3595500
2021-10-26,22.786741256713867,22.921667089233644,22.68896888728138,22.878646799118666,3166000
2021-10-27,22.141443252563477,22.56577367508016,22.123844638699207,22.464090722917057,2934500
2021-10-28,23.130897521972656,23.2560440536268,22.579462458141233,22.59901730303194,4322500
2021-10-29,22.642040252685547,22.720257776598103,22.43867431754233,22.65963886921662,3827500
2021-11-01,23.70775032043457,23.739038817927575,23.465276586405892,23.465276586405892,5650500
2021-11-02,24.11448097229004,24.130125220279435,23.7331708429674,23.856363002006553,4015500
2021-11-03,24.07928466796875,24.10275010842564,23.856363916054594,24.051908631577813,2262500
2021-11-04,23.983469009399414,24.098839983545666,23.854410016790137,24.034310487241026,2955000
2021-11-05,24.094924926757812,24.25722676524921,24.003019403428787,24.24549497848171,3005000
2021-11-08,24.120351791381836,24.370648611532136,24.118395560739614,24.370648611532136,2113500
2021-11-09,23.948270797729492,24.20247819630124,23.8016131852446,24.20247819630124,2623500
2021-11-10,23.748817443847656,24.024534054902727,23.703840925741844,23.82507873132668,3997500
2021-11-11,23.66082191467285,23.87396338712354,23.62562282029776,23.87200902151267,2122000
2021-11-12,24.0323543548584,24.08906265937343,23.834855269128226,23.909162188188567,2293500
2021-11-15,24.042133331298828,24.23767806408102,24.00693609993326,24.149683120814313,1546000
2021-11-16,24.458642959594727,24.527083057604592,24.288518032588023,24.325671495058064,2567000
2021-11-17,24.292430877685547,24.364781573174696,24.167282468695646,24.300252070480905,1579500
2021-11-18,24.47428321838379,24.519257869617768,24.24940809736125,24.511436677625593,2974000
2021-11-19,24.489931106567383,24.591614076986932,24.417580407756407,24.509485954306435,1759000
2021-11-22,23.934581756591797,24.486016817590524,23.92284996862923,24.486016817590524,2337500
2021-11-23,23.81334686279297,23.995201705706414,23.510252349849353,23.85049845872518,3755500
2021-11-24,23.899385452270508,23.922850893955914,23.53567390342575,23.74490478324596,2220000
2021-11-26,23.71361541748047,23.85245182110325,23.600200683110273,23.719482243439142,1701500
2021-11-29,23.746858596801758,23.883738771991137,23.660819895947366,23.821165510433858,2046500
2021-11-30,23.82703399658203,24.05386348417055,23.58064779922206,23.92285012589043,3232000
2021-12-01,23.342084884643555,24.1790121148592,23.322530039535508,24.10275082973155,4380500
2021-12-02,23.496564865112305,23.668644153968422,23.074190632746014,23.254091114096983,3183500
2021-12-03,23.469188690185547,23.811391035359694,23.1700066331887,23.75468272796954,3268500
2021-12-06,23.66082191467285,23.71752835503088,23.379238483935534,23.48092144128103,2058000
2021-12-07,24.396066665649414,24.48210724036583,23.954137598174718,24.11057263330111,3117000
2021-12-08,24.62681007385254,24.638543727847672,24.313939985157162,24.493840472642287,1756500
2021-12-09,24.02257537841797,24.37064451019283,23.961956481797753,24.257227908499345,2863000
2021-12-10,24.102752685546875,24.120351301558074,23.899386756411214,24.012801510035573,2009000
2021-12-13,23.580650329589844,24.01671260192619,23.57087290608126,23.958049925727533,2444500
2021-12-14,23.584558486938477,23.666686598093587,23.363593960084305,23.58260412135059,1742500
2021-12-15,24.218122482299805,24.24745288592939,23.707751453882903,23.932628449208483,4096500
2021-12-16,23.89742660522461,24.249406327114453,23.774234448504167,24.17705564433693,3902000
2021-12-17,23.68624496459961,23.981516454450993,23.64322467218554,23.739042680964737,3053500
2021-12-20,23.25995635986328,23.36750427634191,23.02334758687554,23.19933746001666,2563000
2021-12-21,23.57282829284668,23.69797669848242,23.27169000006233,23.42616881032098,4182500
2021-12-22,24.07146453857422,24.165324439691982,23.760548837436584,23.760548837436584,3333000
2021-12-23,24.220077514648438,24.300251265128683,24.07341989790537,24.19856830274764,2572000
2021-12-27,24.87514877319336,24.912302233271568,24.39215565702932,24.458641385017494,2741000
2021-12-28,24.927946090698242,25.088291716743495,24.88883640076627,25.02962904669819,2078500
2021-12-29,24.773468017578125,24.859508598487295,24.697206725027524,24.83408692440186,1295500
2021-12-30,24.62289810180664,24.773466310744617,24.591611467655632,24.68742760061616,1161000
2021-12-31,24.716760635375977,24.79302192503659,24.540770748648058,24.599433422606438,1375000
2022-01-03,24.69133758544922,24.86732746236383,24.570099783156454,24.71675925715375,1868500
2022-01-04,25.139135360717773,25.285792980893305,24.99638833690184,25.133268533751963,3543500
2022-01-05,25.145000457763672,26.15400697838321,25.090248382790445,26.11685351824385,12972000
2022-01-06,24.07341766357422,24.699157764855837,23.928716290821775,24.521213529630973,9182500
2022-01-07,24.308069229125977,24.587698270960583,24.110570157423734,24.54076739227138,2874000
2022-01-10,24.085153579711914,24.188790907921735,23.69406411480295,24.149683080342506,5156000
2022-01-11,24.701114654541016,24.712846442569514,24.21812154759384,24.298293427920196,3996000
2022-01-12,24.863418579101562,24.961190946884255,24.68938492065711,24.703072940255517,1728000
2022-01-13,24.403886795043945,24.834084055330734,24.345224125639767,24.798886826658755,2752500
2022-01-14,24.401933670043945,24.442997727199778,24.10861844325864,24.268964075703238,2223500
2022-01-18,22.651813507080078,23.79770207392434,22.53448816557308,23.645177638083098,15215500
2022-01-19,21.517658233642578,22.219661499900425,21.513747637638065,21.99869697439795,19807500
2022-01-20,22.219661712646484,22.632260365141764,22.19424190594744,22.4249838560968,8734500
2022-01-21,21.828577041625977,22.047585367952646,21.588057636925857,21.883329123207645,8768000
2022-01-24,21.61543083190918,21.652584291641382,20.850854291429055,21.53134648989917,9229500
2022-01-25,21.49419593811035,21.73862594026115,21.02098018496875,21.21847929849248,3712000
2022-01-26,21.515705108642578,22.033895473745527,21.35535760924353,21.93221251235466,5123000
2022-01-27,20.135162353515625,20.686597405327937,20.1234305657485,20.555582185239015,8099500
2022-01-28,20.89192008972168,20.89387632033503,20.182095564411103,20.453901593349915,4824500
2022-01-31,21.834442138671875,22.155133409624256,21.34166971377975,21.35731396364321,9391000
2022-02-01,22.01042938232422,22.029984227750184,21.695604949288622,21.863771771334893,5095500
2022-02-02,21.949813842773438,23.269734296580424,21.824665434302915,23.035081730018007,7856000
2022-02-03,21.124616622924805,21.556768258204155,21.09528435515641,21.423798667722252,5100000
2022-02-04,21.337759017944336,21.451175633006372,21.026845171501048,21.26540832547563,4076000
2022-02-07,21.460952758789062,21.666273044648275,21.28300664619168,21.392510798649926,3316500
2022-02-08,21.46486473083496,21.48833017427336,21.216524141369153,21.318207107984602,3000000
2022-02-09,21.795333862304688,21.88723940719754,21.316251290453984,21.386647622133474,4847000
2022-02-10,21.492238998413086,21.897014600854423,21.384689213593585,21.429663866119803,2654500
2022-02-11,21.077686309814453,21.62520893564614,20.98969136898491,21.490283111060478,3803500
2022-02-14,20.94471549987793,21.0952837004065,20.753081379807128,20.929071251249812,3987500
2022-02-15,21.208698272705078,21.25171855744915,20.94471533250323,20.946669698033237,3165500
2022-02-16,20.829341888427734,20.889958915155983,20.655306404582575,20.729613312658678,2588000
2022-02-17,20.494966506958008,20.725708486311195,20.463679869809912,20.657268384783197,4354000
2022-02-18,20.38155174255371,20.57709462331697,20.27986877320977,20.451946209904975,3058000
2022-02-22,20.078454971313477,20.40305869084096,19.965040224952922,19.965040224952922,4950000
2022-02-23,19.810558319091797,20.31115188587472,19.755806247384772,20.23293437417146,4126500
2022-02-24,19.943531036376953,19.966996477866314,19.020563220637786,19.02251758626449,5434000
2022-02-25,20.35417366027832,20.40110267885421,19.976772227204055,20.117564877489865,3182000
2022-02-28,20.049123764038086,20.160584140303918,19.822292415561538,20.047167533639335,3546500
2022-03-01,19.722566604614258,20.01783805792096,19.618927415442435,19.9845951935723,3199000
2022-03-02,19.89464569091797,19.9787300416562,19.667814312931217,19.667814312931217,2443000
2022-03-03,19.599374771118164,19.94744397334621,19.509425455563843,19.94744397334621,2697000
2022-03-04,19.255216598510742,19.358853926762748,19.09878155842459,19.30801244549211,2766000
2022-03-07,18.737022399902344,19.159398455771324,18.729201208173176,19.055759273523226,3801000
2022-03-08,19.049890518188477,19.394049027356377,18.674447245271995,18.758531574829686,4706500
2022-03-09,19.229795455932617,19.37254248057045,18.932569617510605,18.932569617510605,4368500
2022-03-10,19.589597702026367,19.70301432873053,19.396009182155073,19.568088488102763,4085000
2022-03-11,19.028383255004883,19.62870354480274,19.01665146740041,19.620882353066428,2561000
2022-03-14,18.535615921020508,19.098782849336978,18.44566474122202,18.96776760860426,3738000
2022-03-15,19.182865142822266,19.22588356498175,18.891504286165706,18.96776557261403,4131000
2022-03-16,20.09214210510254,20.154717234531855,19.624793256610474,19.724519979796032,4304500
2022-03-17,20.45781135559082,20.483233028263705,19.998283665472815,20.06085693460911,2314000
2022-03-18,20.751129150390625,20.764817170029545,20.42065858360411,20.42065858360411,2328000
2022-03-21,20.42456817626953,20.721795862226124,20.31310779403581,20.678775574823796,3049500
2022-03-22,20.67486572265625,20.794147301490856,20.555584143821644,20.555584143821644,2869000
2022-03-23,20.36590576171875,20.663133451432937,20.363949531190528,20.547762471586417,2099000
2022-03-24,20.995559692382812,21.024890098181725,20.715930600423928,20.72766425462578,2753000
2022-03-25,20.78436851501465,20.88409710583281,20.510608143794588,20.74330445933164,3896500
2022-03-28,20.53798484802246,20.551672867028074,20.342440120925676,20.401102793113623,3549500
2022-03-29,20.74127960205078,20.943202600768846,20.535436040678793,20.87458808031152,2905000
2022-03-30,20.621694564819336,20.843222252180514,20.55700060533146,20.68834974048797,1775000
2022-03-31,20.135507583618164,20.50602784248248,20.125705242741766,20.50602784248248,2456500
2022-04-01,20.176679611206055,20.249216571697655,20.006122965043705,20.198245512522373,2887500
2022-04-04,20.592288970947266,20.594250187264333,20.237452777192487,20.255096245623527,3732500
2022-04-05,19.819881439208984,20.290384512625955,19.74538513483134,20.260977486285647,3390500
2022-04-06,19.480728149414062,19.56894735327389,19.319971992403858,19.48856927476879,3345000
2022-04-07,19.251359939575195,19.36898618300323,19.09060563156164,19.261162282328005,4687500
2022-04-08,19.26508140563965,19.533659594254946,19.2062692231241,19.245478591204847,2995500
2022-04-11,18.1986083984375,18.498552906219413,18.179003717896205,18.478948225678117,5780500
2022-04-12,17.80652618408203,18.231938078819844,17.74183222653762,18.228017516181616,5862500
2022-04-13,17.994728088378906,18.030015025278587,17.732031669133526,17.800646196219375,4094000
2022-04-14,17.4752140045166,18.02021336135735,17.45364997445948,18.02021336135735,6653500
2022-04-18,17.345827102661133,17.51050383604938,17.238005076443972,17.326224287643413,4209500
2022-04-19,17.5105037689209,17.518344894897925,17.161547488464443,17.24780735263424,5374000
2022-04-20,17.46149253845215,17.692822587596066,17.42424438462699,17.65557443377091,3923500
2022-04-21,17.2811336517334,17.85553821491895,17.271333178736622,17.79672602890987,3315000
2022-04-22,16.781225204467773,17.19879410431616,16.77142286306965,17.15762539220732,4398500
2022-04-25,17.169389724731445,17.18311262938716,16.836117580573617,16.94198025500421,5501000
2022-04-26,16.514606475830078,16.957661839821363,16.506765350507983,16.916493127472165,5406000
2022-04-27,16.75181770324707,16.902769643347636,16.469516635678517,16.51656712520751,5455000
2022-04-28,17.1144962310791,17.234083679733047,16.789067082260203,16.940019033425227,3680000
2022-04-29,16.869443893432617,17.349749312509676,16.851800425340386,17.07136877717038,3220500
2022-05-02,16.87924575805664,16.95570327710058,16.54205304874818,16.80474945523662,3114500
2022-05-03,16.92433738708496,17.002754254982072,16.80474993415668,16.86552333395792,2706500
2022-05-04,17.353668212890625,17.390916361785923,16.71456977260686,16.910612858330058,2233000
2022-05-05,16.64987564086914,17.1399814804147,16.506764825462895,17.067446399478843,3367000
2022-05-06,16.400903701782227,16.65575898667885,16.289159245757677,16.551855656464788,4126500
2022-05-09,15.848063468933105,16.193099184909865,15.78729193846535,16.167612721186238,5499000
2022-05-10,16.075469970703125,16.42834674727344,15.824535290937334,16.265631261650228,5797500
2022-05-11,15.695149421691895,16.204859971733754,15.671625110369217,16.01861921890971,5605000
2022-05-12,16.447954177856445,16.659679531352527,16.16173252042552,16.342091501108403,8492500
2022-05-13,17.05764389038086,17.108614942062253,16.75377692673868,16.75377692673868,4422000
2022-05-16,16.93021583557129,17.08704955783017,16.85179897444185,16.916492931613774,2730500
2022-05-17,17.190954208374023,17.2399640492639,17.01843635272004,17.14782427705913,2811500
2022-05-18,17.069406509399414,17.492859065555894,17.043921916970646,17.40856042363522,5333000
2022-05-19,17.390918731689453,17.59088053763411,17.226241993751543,17.27133314355214,3892500
2022-05-20,17.632051467895508,17.74183471558953,17.294856859225494,17.632051467895508,4030500
2022-05-23,17.598722457885742,17.69478279187531,17.43796816249016,17.543830838463133,3436000
2022-05-24,17.453649520874023,17.52226404164127,17.261528862725722,17.43600605404894,3237500
2022-05-25,17.308582305908203,17.43797024416605,17.065488682753585,17.23800655696598,4139500
2022-05-26,17.74967384338379,17.820249581642834,17.408560579539994,17.434045172196992,2820500
2022-05-27,18.086864471435547,18.106469152528078,17.773197052376233,17.792801733468764,3247000
2022-05-31,18.44170379638672,18.5965781864219,18.320158865671623,18.329961207917385,4387000
2022-06-01,18.439743041992188,18.761251616844184,18.3142756882726,18.67107306643648,4071500
2022-06-02,18.39661407470703,18.402495853833965,17.988845621210302,18.141758791271577,3221500
2022-06-03,18.16136360168457,18.255464589948115,18.112353760900564,18.255464589948115,2309000
2022-06-06,18.094707489013672,18.28879123468644,18.02217240490938,18.204492592853867,2339500
2022-06-07,18.16136360168457,18.177047722930354,17.863380254859315,17.898667190655352,2208500
2022-06-08,18.086864471435547,18.220172937575228,18.02609108181188,18.067259790343016,2491500
2022-06-09,17.551671981811523,18.006490928348697,17.551671981811523,17.951597439265466,2144500
2022-06-10,17.26348876953125,17.4869776755167,17.179190125736156,17.400719685124937,2639500
2022-06-13,16.453834533691406,16.74789919450589,16.379338227735964,16.663600546229404,3863000
2022-06-14,16.271512985229492,16.363652741308456,16.055865236002134,16.330325157925472,4655000
2022-06-15,16.534212112426758,16.67340237775244,16.193098836369312,16.314643764294303,3168000
2022-06-16,16.008817672729492,16.216622441557053,15.922557819521943,16.14604670791598,5893000
2022-06-17,16.46755599975586,16.557736419464337,16.236225976093177,16.296999371408692,4143500
2022-06-21,16.634191513061523,16.755738299656308,16.614588700389305,16.665559752547885,3546000
2022-06-22,16.418546676635742,16.596944435903588,16.328368123706323,16.369536837383517,2900500
2022-06-23,16.418546676635742,16.504804666777645,16.23426713838386,16.430308364998286,2750500
2022-06-24,16.789064407348633,16.79886674762436,16.391098366259275,16.47147643475709,4549500
2022-06-27,16.555776596069336,16.74985848633675,16.518528443213633,16.747899139642335,2337500
2022-06-28,16.30876350402832,16.84787921633607,16.298961162218383,16.78318525607492,3340500
2022-06-29,16.351890563964844,16.400902270015713,16.17349281491377,16.395020491368523,2679000
2022-06-30,16.030380249023438,16.091153636130624,15.675543201323304,15.96176573764604,3408000
2022-07-01,16.012741088867188,16.051948590362514,15.75592456913021,15.785331597455993,2798500
2022-07-05,15.869627952575684,15.883350856553573,15.497147394256507,15.612812404814553,3948000
2022-07-06,15.748082160949707,15.897074767637394,15.675546139040787,15.897074767637394,3336500
2022-07-07,16.371496200561523,16.414626130478936,16.012739465465835,16.012739465465835,3253000
2022-07-08,16.189178466796875,16.263672901754052,16.026462952599534,16.159771440383487,2607000
2022-07-11,16.073511123657227,16.22054249526018,16.042142885508195,16.140164423111937,2425500
2022-07-12,16.08527183532715,16.265630780522915,16.02057788617655,16.03038022630303,2078500
2022-07-13,15.98137092590332,16.028419542625276,15.72847502929577,15.881388175056635,2503000
2022-07-14,15.89903450012207,15.940203215662963,15.557921217294327,15.791212474964995,2505000
2022-07-15,16.104877471923828,16.116639159010912,15.871586250112754,15.979410128301648,2307500
2022-07-18,16.11663818359375,16.369534071516096,16.085271816987902,16.126440523709054,3118000
2022-07-19,16.667522430419922,16.698888806570206,16.408746555369962,16.408746555369962,2724500
2022-07-20,16.867483139038086,16.977266370988026,16.77730272021817,16.891008384399566,2306000
2022-07-21,17.106653213500977,17.11057377588126,16.802788128567883,16.84591805396164,1833000
2022-07-22,17.047840118408203,17.300734139536715,16.981184952725222,17.23996075190935,2117000
2022-07-25,16.759658813476562,16.87336447467196,16.669480266630256,16.87336447467196,2998500
2022-07-26,16.716529846191406,16.81062895043869,16.673399921574756,16.749855560626006,1599000
2022-07-27,16.989030838012695,17.073327612998426,16.69300684343841,16.716532090059363,2547000
2022-07-28,17.16546630859375,17.202714457611155,16.85964186087905,16.9086516976678,2696000
2022-07-29,16.740053176879883,16.820431247638794,16.45187221700878,16.45187221700878,8536000
2022-08-01,16.875322341918945,16.994907901613903,16.56949605666369,16.710647512753148,8417500
2022-08-02,16.72045135498047,16.9870683031812,16.71849013891198,16.796906998359574,7336500
2022-08-03,17.0831298828125,17.1419439339195,16.906691468702586,16.93021671522428,7620000
2022-08-04,16.849838256835938,16.981185506996937,16.71652979072398,16.861599943725835,5156000
2022-08-05,16.922372817993164,17.102731765382757,16.849837743701176,16.873362986369838,4082000
2022-08-08,16.630271911621094,17.05960438244379,16.57734150993905,17.053724473105017,3854500
2022-08-09,16.373458862304688,16.540094948090427,16.27347608906983,16.495003797993594,3020500
2022-08-10,16.728294372558594,16.779265430446287,16.55381716772959,16.56754007294529,3055500
2022-08-11,16.824352264404297,16.98902897266996,16.747896623484962,16.857679849258506,3417500
2022-08-12,17.016475677490234,17.020396240102656,16.834155493971934,16.892967672369107,1933000
2022-08-15,17.040000915527344,17.10665421912102,16.95374105966902,17.010593891538537,1715000
2022-08-16,16.881206512451172,16.955702813233152,16.71653165994711,16.885127075186197,2448500
2022-08-17,17.087047576904297,17.228199032336665,16.947859206960338,17.08508823062634,3210500
2022-08-18,17.03215789794922,17.13410000411438,16.965504594444578,16.965504594444578,1764500
2022-08-19,17.00275230407715,17.130178998686848,16.92041301306807,17.085089725480838,2999500
2022-08-22,16.708688735961914,16.90473183039128,16.66556067608764,16.902770614212674,3478000
2022-08-23,16.471479415893555,16.669481864325636,16.383260207050654,16.510686914487298,2101500
2022-08-24,16.498924255371094,16.579300464083282,16.36953633929248,16.36953633929248,2127000
2022-08-25,16.714570999145508,16.714570999145508,16.398942318419948,16.43619047004857,2837000
2022-08-26,16.018617630004883,16.66555902987517,15.997053602197825,16.63223144536948,4539000
2022-08-29,15.94608211517334,16.065667677234785,15.855903574447112,15.88726994210818,2819000
2022-08-30,15.828458786010742,16.118600977326285,15.771605955618677,16.095075732667684,2296500
2022-08-31,15.555960655212402,15.86374727768018,15.552040092318125,15.836301467814653,3234000
2022-09-01,15.46381950378418,15.52263261596457,15.299143724481794,15.497147089820185,2606000
2022-09-02,15.140350341796875,15.45989957228114,15.07957694586361,15.352075684683061,2533000
2022-09-06,14.775711059570312,14.965871427986382,14.711017104331217,14.94234711819255,3210500
2022-09-07,14.605154991149902,14.65024520368603,14.320893615396336,14.399310482169541,4219000
2022-09-08,14.54438304901123,14.685533601229361,14.426757744629924,14.618878420757413,4615000
2022-09-09,14.777671813964844,14.836483992536484,14.71493813796643,14.726700760641302,2553000
2022-09-12,14.824722290039062,14.89725831190267,14.73454280046937,14.775712449788207,2528500
2022-09-13,14.117010116577148,14.513015007559826,14.105247493252607,14.513015007559826,2941500
2022-09-14,14.122889518737793,14.22091105816564,14.01898713564956,14.140532984521625,2581000
2022-09-15,14.087602615356445,14.393428941866185,14.04251333980328,14.166019478338008,3894000
2022-09-16,14.091525077819824,14.22875413003329,14.048395145864614,14.075840956307307,3228500
2022-09-19,14.209148406982422,14.222871310297933,13.962135212500533,13.981738959464401,2943500
2022-09-20,13.952333450317383,14.075839585279645,13.87391658960406,13.983699820681625,3150000
2022-09-21,13.705320358276367,14.015067241081574,13.705320358276367,13.895480732928197,3292500
2022-09-22,13.601417541503906,13.850391021727711,13.534762370128142,13.771974162841431,3847000
2022-09-23,13.415177345275879,13.47595074056142,13.287749710710747,13.432821746863503,3672000
2022-09-26,13.076024055480957,13.332839599763766,13.046617966612718,13.21129281211702,4557500
2022-09-27,12.917230606079102,13.128955950666635,12.82705111953205,13.054459649866299,5165000
2022-09-28,13.132875442504883,13.19168855276269,12.856456161299874,12.856456161299874,7732500
2022-09-29,12.805793762207031,12.99865812821825,12.693617290779544,12.978977650388794,4283500
2022-09-30,12.605058670043945,12.87664308592823,12.581442470677159,12.662130369832944,4619500
2022-10-03,13.020306587219238,13.087218523311277,12.851058417662845,12.882546056382566,8731500
2022-10-04,13.429651260375977,13.474915799038758,13.268275461564238,13.331251680598564,5722500
2022-10-05,13.30566692352295,13.392258399041664,13.1305142355378,13.228914748574423,3175000
2022-10-06,13.266308784484863,13.459173179222558,13.22694876138025,13.370612892632936,4298000
2022-10-07,13.069506645202637,13.36864392205655,13.0262109049081,13.280083642821316,4022500
2022-10-10,12.914033889770508,13.06950610242853,12.799890493878273,13.049826562536262,3716000
2022-10-11,12.628673553466797,12.845154123301603,12.577505435840694,12.786114565066475,4424500
2022-10-12,12.43187427520752,12.55979457764056,12.416130454542742,12.494850496283549,3933500
2022-10-13,12.825474739074707,12.927810037152494,12.146513242209537,12.160289201859442,4742000
2022-10-14,12.640482902526855,13.024243822664005,12.624739081335397,12.967172118938612,3704500
2022-10-17,13.00653076171875,13.055730080422107,12.80579401296169,12.80579401296169,4487500
2022-10-18,12.84515380859375,12.978977679837072,12.732977336911741,12.953393621650834,4762000
2022-10-19,12.719202995300293,12.904195944858957,12.650323190814966,12.764467537117048,3626000
2022-10-20,12.738883018493652,12.977011004323188,12.683779176883002,12.734947297926297,2562000
2022-10-21,12.799890518188477,12.805794098642313,12.46532989363281,12.583409948461247,5046500
2022-10-24,12.819570541381836,12.862866281592673,12.614898063263528,12.774306940945538,4633500
2022-10-25,13.232850074768066,13.254498412211543,12.994722116557073,13.006530215306531,4188000
2022-10-26,13.248595237731934,13.417843419089083,13.14035541636697,13.156099236824563,3591500
2022-10-27,13.15806770324707,13.374548294366756,13.128547921227053,13.232852026886938,2855000
2022-10-28,13.352898597717285,13.356835256425942,13.128546587998011,13.150194926436635,3658500
2022-10-31,13.278115272521973,13.317475290845989,13.12067426080905,13.22104263598119,5029500
2022-11-01,14.56518840789795,14.6399727226552,13.888195731692367,13.894099312028382,17435500
2022-11-02,14.045636177062988,14.478596381031974,14.045636177062988,14.342804645505785,10002500
2022-11-03,14.19520378112793,14.232595939266176,13.876387914502132,13.974787491019276,6281000
2022-11-04,14.679332733154297,14.858421141097264,14.464820027961583,14.474660266933764,6988000
2022-11-07,14.858420372009277,14.858420372009277,14.643907677919973,14.681299833345332,9284500
2022-11-08,15.116230010986328,15.515733777323533,14.988309715985011,15.094581672319377,7983000
2022-11-09,14.854484558105469,15.074900844753868,14.813156680312051,15.006021048431506,3855000
2022-11-10,15.842422485351562,15.8542296459949,15.393717536315483,15.415365874328607,7009500
2022-11-11,16.352134704589844,16.37181518231908,16.056935045985952,16.216342035825246,5682000
2022-11-14,16.220277786254883,16.387558093598038,16.200599185322606,16.29506210029852,3102000
2022-11-15,16.271446228027344,16.546967291764194,16.24389430933703,16.50170369346349,4566000
2022-11-16,15.968376159667969,16.06874360186872,15.915239240551568,16.06874360186872,4257000
2022-11-17,15.907365798950195,15.917206037431761,15.54722114090931,15.63774927042277,3043000
2022-11-18,15.820773124694824,15.958534592469045,15.763702366638688,15.925078155573862,1859000
2022-11-21,15.564934730529785,15.688919310736873,15.535414949877396,15.572807109964979,3604500
2022-11-22,15.988053321838379,16.007733799503487,15.842422291517341,15.909333288011597,3126000
2022-11-23,16.176984786987305,16.180920507611592,15.986088260455373,16.04119210286313,3298000
2022-11-25,16.312774658203125,16.487928292187085,16.291127257594802,16.291127257594802,2084500
2022-11-28,16.171079635620117,16.564679835173777,16.139591995022585,16.39936831441138,5601500
2022-11-29,16.182884216308594,16.29309375607528,16.100228469108703,16.102197267446865,3752500
2022-11-30,16.34819984436035,16.352135564746494,15.803062218953842,15.960502295402083,4689000
2022-12-01,16.51941680908203,16.568616131924788,16.308839803500597,16.314744322828563,4139000
2022-12-02,16.2930965423584,16.352136103764177,16.119911701823114,16.287192023167673,3531000
2022-12-05,16.06087303161621,16.255705284216734,16.011671830353094,16.102200914576873,5243000
2022-12-06,15.639718055725098,15.919173900850685,15.533446101403863,15.919173900850685,3592500
2022-12-07,15.555094718933105,15.625943319638022,15.482279196361683,15.574775198601222,2404000
2022-12-08,15.584614753723145,15.623974772913169,15.32877415977954,15.43504611775092,5175000
2022-12-09,15.818808555603027,15.929016244745664,15.64168798271868,15.64168798271868,5080000
2022-12-12,15.779446601867676,15.78141540055025,15.645622719633618,15.753863479997174,4470000
2022-12-13,15.93885612487793,16.344265385276532,15.848328918509312,16.196663659986203,3884500
2022-12-14,15.986085891723633,16.26554265981217,15.862102264677409,16.18288503161443,3289000
2022-12-15,15.482278823852539,15.87194236468645,15.440950943644163,15.818807323061593,3126500
2022-12-16,15.423237800598145,15.527541896901285,15.32286942463343,15.350422282252989,3093000
2022-12-19,15.289414405822754,15.468502824690015,15.226438186342858,15.41143018590344,4972000
2022-12-20,15.252022743225098,15.407494967551928,15.206759141183872,15.246119162339388,3929000
2022-12-21,15.236278533935547,15.29138237446479,15.1575584936318,15.252022354312917,3138000
2022-12-22,15.108358383178711,15.163462224252635,14.99618190234944,15.163462224252635,3421500
2022-12-23,15.141812324523926,15.194949238275822,14.992244637244355,15.139844464462154,3089500
2022-12-27,14.866293907165527,15.01389468965925,14.836774126033552,14.998149930533069,3520500
2022-12-28,14.730501174926758,15.006021303312831,14.722628795891842,14.958788905937046,3195500
2022-12-29,15.09261417388916,15.120166093716438,14.901717656895146,14.903685517108968,2872500
2022-12-30,15.01192569732666,15.019798076788211,14.844646314125146,14.872198234615206,2067500
2023-01-03,15.08474063873291,15.287445239894287,15.033572523426807,15.18314114921905,3303000
2023-01-04,15.31106185913086,15.427174051798685,15.25005350341269,15.34845307819181,2982000
2023-01-05,15.252022743225098,15.372070666986886,15.21463058236482,15.307126585159436,2705000
2023-01-06,16.017574310302734,16.06677362846722,15.56690149902138,15.592485557370324,4483500
2023-01-09,16.259639739990234,16.401335059569824,16.06480750254719,16.074647742034266,4590000
2023-01-10,16.153366088867188,16.16910896893026,15.962469591850573,16.0274136641947,3980500
2023-01-11,16.58829689025879,16.62962477258059,16.48989636608759,16.517448287635457,3608000
2023-01-12,16.938602447509766,16.95434533033511,16.598137269153945,16.65914563218692,5565500
2023-01-13,16.875621795654297,16.911047028352836,16.562710480623927,16.568613122045747,4972000
2023-01-17,17.074390411376953,17.263319988458303,16.979927499669873,16.979927499669873,4455000
2023-01-18,17.058650970458984,17.375499958806603,17.044875009088827,17.318427314487103,3551500
2023-01-19,17.31252098083496,17.473896779524484,17.231832143073312,17.373529339605902,4243000
2023-01-20,17.572298049926758,17.582138289843382,17.345978162345993,17.39714628381212,2705000
2023-01-23,17.497514724731445,17.552618569936307,17.318427227815643,17.34401035158906,3049000
2023-01-24,17.57623291015625,17.710056788170597,17.31842539356249,17.5171933503804,3465500
2023-01-25,17.623464584350586,17.65101650290246,17.462088793284792,17.50735239135806,2878500
2023-01-26,17.540807723999023,17.5486791639942,17.338104067871416,17.495544128776395,3019500
2023-01-27,17.83207130432129,17.908824411708242,17.580166461008854,17.609687175670533,4269000
2023-01-30,17.580167770385742,17.686441600349685,17.52112821349863,17.57229632995644,3523000
2023-01-31,17.60575294494629,17.656921061921174,17.489640751689183,17.495545270487668,3970500
2023-02-01,17.623464584350586,17.733672258558084,17.373528518844143,17.493576432082122,4827000
2023-02-02,18.459863662719727,18.741287329354453,18.070199258071597,18.105622612372905,8071000
2023-02-03,18.3280086517334,18.646826381215316,18.306361252593796,18.414602001959082,5276500
2023-02-06,17.735641479492188,17.883241314797303,17.617560485147855,17.881274393044574,4900500
2023-02-07,17.98164176940918,18.058393007846462,17.73760834087274,17.808456937238194,4621000
2023-02-08,17.794679641723633,18.00328781799897,17.755320564586906,17.86159251273973,3313000
2023-02-09,17.735641479492188,18.115465706313042,17.71005648203686,18.026905429763225,2364500
2023-02-10,17.735641479492188,17.85175367525006,17.65101692328156,17.672664323563964,2546500
2023-02-13,17.641176223754883,17.662825500306187,17.41092063683302,17.464055675276363,2523500
2023-02-14,17.582136154174805,17.64904902674652,17.436503248665932,17.530968038923973,2536500
2023-02-15,17.40108299255371,17.405018713377082,17.210186456365413,17.25938765874248,2934500
2023-02-16,17.227893829345703,17.393207200415947,17.18459903428379,17.204277633478526,3399500
2023-02-17,16.739831924438477,16.848072685255154,16.607976840335013,16.848072685255154,4223500
2023-02-21,16.381656646728516,16.56861556864205,16.34623140879893,16.49186432732324,3922000
2023-02-22,16.232088088989258,16.328519809992383,16.190760208559347,16.291127650055728,2147500
2023-02-23,16.271446228027344,16.381655779622303,16.14549567220516,16.36197530146245,2865000
2023-02-24,16.27735137939453,16.35804021688535,16.163207979932324,16.27735137939453,4341500
2023-02-27,16.403305053710938,16.627658025966564,16.40133625493652,16.511545819123832,3581000
2023-02-28,16.448566436767578,16.598135064747513,16.422983317157147,16.468246914519394,2566500
2023-03-01,16.45840835571289,16.568616039439164,16.41708047431554,16.511545275700257,2728500
2023-03-02,16.401334762573242,16.407239281525325,16.224216085514477,16.34032828179212,3421500
2023-03-03,16.873659133911133,16.90711369985886,16.584362065201514,16.584362065201514,3686000
2023-03-06,17.029129028320312,17.279065113907915,17.001577107554773,17.08423286985139,3594000
2023-03-07,17.172792434692383,17.446344709067013,17.14917623547415,17.373529189630485,5957000
2023-03-08,17.330232620239258,17.369593578127667,17.23576969960787,17.29284046097878,3103500
2023-03-09,17.0350341796875,17.424698682259574,16.993706297005666,17.284970274549316,3034000
2023-03-10,16.6807918548584,16.962217449049543,16.598136095368858,16.962217449049543,4480000
2023-03-13,16.838233947753906,16.991738323816463,16.619785484773885,16.7319619761466,3992500
2023-03-14,16.81461524963379,16.81461524963379,16.64536801509785,16.700471853171585,3577000
2023-03-15,16.48005485534668,16.483992452550403,16.208471381480965,16.41314385538962,3472500
2023-03-16,17.001575469970703,17.0173202275347,16.572550063896795,16.631591497136537,4366500
2023-03-17,17.02716064453125,17.214119554578595,16.960247770226353,17.170824755283597,4076000
2023-03-20,17.40108299255371,17.546715924022276,17.186570254591214,17.2239624176642,5405500
2023-03-21,17.588041305541992,17.65298538197249,17.458153152680996,17.530968669638312,3523000
2023-03-22,17.208213806152344,17.528996530066603,17.206245007979042,17.497508897127165,3929500
2023-03-23,17.37156105041504,17.597882811777822,17.259386445912643,17.381401290198973,4676500
2023-03-24,17.225929260253906,17.403049815028965,17.113752783774117,17.37746481733162,5536500
2023-03-27,17.0507755279541,17.202312960983082,16.98976904722427,17.145240323773013,4234000
2023-03-28,16.8893985748291,17.056678877806387,16.873655694494154,16.946471208127313,3280500
2023-03-29,17.2928409576416,17.32236167690576,17.070456794319632,17.107848954654038,4786000
2023-03-30,17.63362693786621,17.677064998456046,17.485545122487718,17.513187011146037,5894500
2023-03-31,17.8981990814209,17.95150951104075,17.720502042933507,17.72445061494936,6107000
2023-04-03,18.03246307373047,18.04233356297096,17.850815567713518,17.850815567713518,4395500
2023-04-04,17.969280242919922,17.996922131864284,17.84094317038716,17.923868837220247,4048500
2023-04-05,17.700759887695312,17.773813188074623,17.675091341396094,17.750119869553274,3222000
2023-04-06,17.408544540405273,17.442108348421428,17.22097322284402,17.424338830539327,3979500
2023-04-10,17.47567367553711,17.47764890324403,17.32166805216116,17.327591852319383,2248000
2023-04-11,17.554651260375977,17.669169279452845,17.53885697013268,17.61980741503606,2217000
2023-04-12,17.6592960357666,17.848840690077623,17.62967891857699,17.76986359386782,2099000
2023-04-13,17.866609573364258,17.93374095009414,17.758017246779804,17.78960770755051,3423500
2023-04-14,17.939664840698242,18.05812953992849,17.850815374794333,17.93768961309401,3642000
2023-04-17,17.996923446655273,18.012719619904264,17.838969246015782,17.878458737656953,3864000
2023-04-18,18.02851104736328,18.137105249169753,17.965330130325302,18.079846248567502,4334500
2023-04-19,17.961383819580078,17.99100093733649,17.913997184354834,17.96730761972387,2111500
2023-04-20,18.042333602905273,18.22003253702685,17.951510791177007,17.961383163401813,3041000
2023-04-21,18.17462158203125,18.239777733961365,18.087747340445272,18.139082547510284,3029000
2023-04-24,18.0778751373291,18.170673179858746,18.046284674907582,18.137107489739773,2564500
2023-04-25,17.919918060302734,18.125258857462658,17.87845523198724,18.058127488021057,4112500
2023-04-26,18.52212142944336,18.764976532990115,18.26939583585751,18.26939583585751,8926500
2023-04-27,18.77484703063965,18.786694630243336,18.496452918464616,18.571481439413194,6336000
2023-04-28,17.704708099365234,18.10156882280432,17.483571091994857,18.071951704515744,11675000
2023-05-01,18.202260971069336,18.265443769602737,18.016664913246565,18.184491456250093,5334000
2023-05-02,18.03838539123535,18.046284418950595,17.795530301944815,17.99494921213278,3864500
2023-05-03,18.324678421020508,18.397731716904957,18.06800238863428,18.091695705697816,3734500
2023-05-04,18.29703712463379,18.441170376380363,18.26149620640532,18.310858069788594,2730500
2023-05-05,18.531991958618164,18.57543001891133,18.326651139723094,18.364165400212094,3333000
2023-05-08,18.251625061035156,18.263470778044073,18.125261331460926,18.218059371732824,5141500
2023-05-09,18.539892196655273,18.577406459593934,18.326652336442734,18.326652336442734,4330000
2023-05-10,18.447093963623047,18.46486348105087,18.24372647816424,18.36219306595396,3778000
2023-05-11,18.403654098510742,18.482631188314798,18.29308654937753,18.482631188314798,2310000
2023-05-12,18.693897247314453,18.82420954974258,18.63663824080437,18.725487709092864,2854000
2023-05-15,18.69192123413086,18.780770698685462,18.672176490238186,18.682048862184523,2693500
2023-05-16,18.52212142944336,18.61097090349614,18.46881287478926,18.53989283062401,2520000
2023-05-17,18.82025909423828,18.932801879600074,18.75905339833932,18.86567238369194,4610500
2023-05-18,19.52513313293457,19.576468344936227,19.418514136156162,19.560672170873143,9050500
2023-05-19,19.35137939453125,19.446152656550534,19.274377531362358,19.361251766238457,3557000
2023-05-22,19.270427703857422,19.446151389688097,19.242785818062984,19.373098103368832,4430000
2023-05-23,18.75115394592285,18.869620528610316,18.67020350713533,18.869620528610316,4903000
2023-05-24,18.60504913330078,18.745233818294274,18.56161106834202,18.646511970458523,3286500
2023-05-25,18.76497459411621,18.86567165855166,18.678100356825023,18.847900259207222,3072500
2023-05-26,18.950571060180664,19.078910015633976,18.83013113225349,18.873569193278644,3112500
2023-05-30,18.709692001342773,18.99795850278401,18.70771865659902,18.972291840377448,3825500
2023-05-31,18.500402450561523,18.656383300353504,18.336524455932302,18.60109763760522,3200500
2023-06-01,19.0848331451416,19.16183500933876,18.986111309713596,18.992035109409496,4843500
2023-06-02,19.35137939453125,19.519205947629015,19.335585106169617,19.359278421674436,3382000
2023-06-05,19.44812774658203,19.56659244030624,19.426407775794786,19.54487435248135,3362000
2023-06-06,19.754165649414062,19.791679912085925,19.505386755750013,19.54684959086693,3770500
2023-06-07,19.286224365234375,19.507361361773057,19.27635199295508,19.408639521942618,3680500
2023-06-08,19.23291778564453,19.23291778564453,18.938727463642778,18.9959864755461,3430500
2023-06-09,19.436281204223633,19.55672113200884,19.349406965238188,19.456025948572016,2584000
2023-06-12,19.596210479736328,19.65544282939292,19.448128664113625,19.509334358413383,5969500
2023-06-13,19.78180694580078,19.929888764340195,19.752189828907905,19.78970409045389,3103500
2023-06-14,19.718626022338867,19.92001639172729,19.64754607157458,19.88447735782639,2575500
2023-06-15,19.679136276245117,19.694932448307352,19.457999282186133,19.505385915410375,2950500
2023-06-16,19.264507293701172,19.479720501649048,19.242789203316896,19.44417958297355,3890000
2023-06-20,19.015727996826172,19.15393933018245,18.99598513460031,19.151964102478594,2546000
2023-06-21,18.693897247314453,18.84197906680778,18.612944923729938,18.774847687936475,2798000
2023-06-22,18.52409553527832,18.57345551433467,18.421425121834115,18.47868412859098,3509500
2023-06-23,17.994949340820312,18.064054065307236,17.927817961054433,18.014692202843346,5750500
2023-06-26,17.84291648864746,17.998897332856263,17.807377455189425,17.894251694177104,3473500
2023-06-27,17.7836856842041,17.84489326722795,17.61585910857706,17.730375246421193,6568500
2023-06-28,18.02456283569336,18.07589803792367,17.88042960054238,17.90807148766929,4039500
2023-06-29,17.761964797973633,17.829094287882196,17.68693628110464,17.791580029447697,3323500
2023-06-30,17.777759552001953,17.925843245103493,17.769862407796825,17.779734779534422,4697000
2023-07-03,18.075897216796875,18.18449141584086,18.03443438799003,18.073923872355934,3798500
2023-07-05,18.05220603942871,18.119337417611515,17.99297368883137,18.05220603942871,4176500
2023-07-06,17.866609573364258,17.935714294725937,17.7382725026872,17.9001752617292,3798500
2023-07-07,17.975204467773438,18.137107232983993,17.896227371356396,17.896227371356396,3630000
2023-07-10,17.913997650146484,17.941639540919518,17.848841495758244,17.848841495758244,3361000
2023-07-11,17.698780059814453,17.84883707712738,17.62967534998932,17.75406382767456,6809500
2023-07-12,18.014692306518555,18.269394999187988,17.698783916781693,17.700759144476624,11568500
2023-07-13,18.52212142944336,18.585304240061784,18.437222410961358,18.492506193400843,7519500
2023-07-14,18.241750717163086,18.405626807701903,18.231878345908072,18.405626807701903,4578500
2023-07-17,18.474735260009766,18.616893277827277,18.2378039750056,18.269394436413663,3848500
2023-07-18,18.776823043823242,18.840003967811533,18.674152630120386,18.729436409350768,4835500
2023-07-19,18.672178268432617,18.757079168886477,18.585304023179013,18.709692532216295,2695500
2023-07-20,18.41155242919922,18.531992357690402,18.397731484666828,18.41945145676235,3253500
2023-07-21,18.439193725585938,18.55173650585908,18.417475637150957,18.52409461768277,2128500
2023-07-24,18.492504119873047,18.54383932394826,18.41352702767752,18.439193688233924,1931000
2023-07-25,18.498428344726562,18.518171206007363,18.322702757109074,18.368116045461036,2186500
2023-07-26,18.508298873901367,18.573455023675002,18.401679890904738,18.43919415186304,1873500
2023-07-27,18.512248992919922,18.79459167582377,18.47868330483592,18.697845066727165,3430500
2023-07-28,18.45499038696289,18.593199831511946,18.441169442507984,18.514222737060706,3399000
2023-07-31,18.48065757751465,18.630714626158184,18.43722139824811,18.52212041206681,3224000
2023-08-01,18.458938598632812,18.543839491323975,18.417475766078102,18.46091382621455,2179500
2023-08-02,17.98112678527832,18.20028853928419,17.94953444294628,18.14302953714002,3337500
2023-08-03,17.775787353515625,17.809353042995102,17.6750902850772,17.773812125855805,2859500
2023-08-04,17.807376861572266,18.03838433727369,17.781708318181888,17.98112721671804,2792500
2023-08-07,17.85673713684082,17.913996141317647,17.79355621552754,17.900175197095216,3268500
2023-08-08,17.734323501586914,17.884378657359548,17.655346410088857,17.787632049792848,4535000
2023-08-09,16.555591583251953,17.831072842063712,16.32853264576476,17.831072842063712,12284000
2023-08-10,16.869522094726562,17.177533314822657,16.843855434533076,17.167660943067506,8048000
2023-08-11,16.89716339111328,16.938628104218736,16.709593983216866,16.814237730826996,3878500
2023-08-14,16.579280853271484,16.58520276944736,16.368016258326907,16.502277113362943,5731500
2023-08-15,16.492406845092773,16.529921106146404,16.371966917382423,16.470688756100525,2851500
2023-08-16,16.237707138061523,16.42527845595362,16.21993762014808,16.334453755672282,4472500
2023-08-17,16.269296646118164,16.4864850697558,16.235730957050986,16.4864850697558,3496500
2023-08-18,16.320632934570312,16.38973766196133,16.142933988157644,16.19426919749991,3073000
2023-08-21,16.304838180541992,16.32458104283318,16.2258610824896,16.26929726249276,2875000
2023-08-22,16.170576095581055,16.3502502721655,16.148858004671034,16.318659808215667,3727000
2023-08-23,16.310758590698242,16.344324277935744,16.21006341194811,16.21006341194811,4388500
2023-08-24,16.002748489379883,16.263374978330972,15.9691846827609,16.235731205821953,4405000
2023-08-25,16.01262092590332,16.12911228459082,15.862565760462438,16.073828505276417,3599500
2023-08-28,16.204139709472656,16.23968062445112,16.137010217557574,16.137010217557574,2294000
2023-08-29,16.310758590698242,16.35617187717833,16.08172634558177,16.127137749099486,2694000
2023-08-30,16.259424209594727,16.358146048770468,16.227833748287978,16.289041326236188,2784500
2023-08-31,16.425277709960938,16.476612916580812,16.38973679278564,16.415405337576825,3285000
2023-09-01,16.833984375,16.974169052110817,16.731313960298063,16.940603362119315,5788000
2023-09-05,16.691823959350586,16.82016101784164,16.6681306452817,16.71354204601279,2591500
2023-09-06,16.88136863708496,16.99785998035494,16.851751523673823,16.94454955280734,4150000
2023-09-07,16.828060150146484,16.85372869465535,16.733288765633894,16.776724944091235,2974500
2023-09-08,16.62864112854004,16.713542013541744,16.593102098986886,16.634564927786315,2444500
2023-09-11,16.822139739990234,16.90703875983211,16.747111210345555,16.80239499367055,3137500
2023-09-12,16.863601684570312,16.91098643708086,16.778700786261222,16.822138849271987,1845500
2023-09-13,16.670103073120117,16.76882489581854,16.634564045452034,16.66023070255406,2816000
2023-09-14,17.078811645507812,17.155815392758203,16.938628860930308,16.96627074892727,3263500
2023-09-15,17.130146026611328,17.276254486836688,17.130146026611328,17.248612600167338,2451000
2023-09-18,17.130146026611328,17.15581456878276,16.989961365804344,17.053144166021653,2197000
2023-09-19,17.08670997619629,17.171608981318816,17.037348118955183,17.102504264143587,1815000
2023-09-20,16.75303077697754,16.974167762208793,16.737236488508266,16.91888398664158,2528000
2023-09-21,16.31668472290039,16.46871512652331,16.29496663180073,16.358147560252096,3546500
2023-09-22,16.265348434448242,16.413430255599266,16.255476061976506,16.38381502114657,2525000
2023-09-25,16.441070556640625,16.464763871690813,16.33445158039594,16.39763438151722,3040000
2023-09-26,16.05211067199707,16.308786710742908,16.008672609143915,16.26732387559503,2960500
2023-09-27,16.298913955688477,16.44699577530797,16.251527321499243,16.4272510305687,3669500
2023-09-28,16.39835548400879,16.477593657901682,16.18441260341669,16.186392471481437,4394500
2023-09-29,16.325061798095703,16.45778475653009,16.257708495591892,16.404299977354015,3113500
2023-10-02,16.174509048461914,16.253747229472644,16.085365858676436,16.176490805891767,2367000
2023-10-03,16.08734703063965,16.25374663795023,16.00216546962663,16.142813566409842,2470000
2023-10-04,16.20818519592285,16.22997508103666,15.996222170953281,16.12894701737868,2569000
2023-10-05,16.41420555114746,16.473633715340853,16.2953473335734,16.374585515560348,2506000
2023-10-06,16.43599510192871,16.51127165665883,16.20422394387131,16.303270252444083,1901000
2023-10-09,16.540985107421875,16.56673661622586,16.30128883172441,16.325060472490353,1613000
2023-10-10,16.760873794555664,16.873786743059622,16.663805460211503,16.69748211360515,2145500
2023-10-11,16.92925262451172,17.032262449009757,16.903501112980837,16.905482870415796,3100500
2023-10-12,17.151119232177734,17.2878056973369,17.065937674963536,17.184795881446963,3946000
2023-10-13,16.867843627929688,17.00650996482815,16.81633871862638,16.986699948360613,2801000
2023-10-16,16.917367935180664,16.93123456981745,16.74106331062908,16.796529849176217,2426500
2023-10-17,16.978776931762695,17.111499887715098,16.81435719334994,16.818318818860693,2124500
2023-10-18,16.659841537475586,16.895576189542954,16.636069896544967,16.861899540792322,1929000
2023-10-19,16.60833740234375,16.822280291477156,16.58060413483339,16.669747320170167,2174500
2023-10-20,16.479578018188477,16.632111007499226,16.477596260623613,16.582587849438884,1717000
2023-10-23,16.463729858398438,16.566739691107713,16.253748566981432,16.364681651687608,1675500
2023-10-24,16.683616638183594,16.705406526394075,16.576645176406053,16.584568428630327,2458500
2023-10-25,16.382511138916016,16.669748848637198,16.303271065406907,16.596454047666075,3692500
2023-10-26,16.039804458618164,16.208185830768116,15.956604651266082,16.158660786496206,3165000
2023-10-27,15.855573654174805,16.035841780797476,15.772373852281484,15.958583472477146,3442500
2023-10-30,16.192338943481445,16.253748870572938,16.03188269701652,16.03188269701652,7206500
2023-10-31,16.45184326171875,16.49542303233641,16.352795065355245,16.406279844527976,3304000
2023-11-01,16.844070434570312,16.87972694957799,16.643994198562943,16.70738397839592,4083500
2023-11-02,17.147159576416016,17.192721106973412,16.96689143330877,16.96689143330877,4826500
2023-11-03,17.317520141601562,17.424491590932174,17.311578647718427,17.311578647718427,4672500
2023-11-06,17.172910690307617,17.29573053340055,17.09961589161697,17.09961589161697,5646500
2023-11-07,17.384872436523438,17.442320728100256,17.208567825558806,17.234319335390882,3626500
2023-11-08,17.341293334960938,17.602779543186877,17.279883408909786,17.55919976794083,6880000
2023-11-09,16.19035530090332,16.96094712339053,16.00018218025773,16.96094712339053,17590500
2023-11-10,17.02433967590332,17.09169298196235,16.61428212382651,16.90944497112962,9445500
2023-11-13,16.50731086730957,16.560795649946037,16.344872872698595,16.554854155777985,5548500
2023-11-14,16.85199737548828,16.905484048900828,16.70342601150189,16.715310889378348,3248000
2023-11-15,17.258092880249023,17.474017547612196,17.228377852531665,17.35714108345287,5551000
2023-11-16,17.353178024291992,17.359119517994845,17.14715838318433,17.172909893729194,2913500
2023-11-17,17.36308479309082,17.37100804495606,17.23432155975012,17.349218157732967,2147000
2023-11-20,17.341293334960938,17.357141728169672,17.188760343224946,17.230360250062034,2465000
2023-11-21,17.192718505859375,17.329404966039373,17.176870115843204,17.30761508280579,2705000
2023-11-22,17.351198196411133,17.43043638340339,17.24818836440246,17.30959828992925,2349500
2023-11-24,17.163005828857422,17.19074098747331,17.04216774217749,17.079806020571628,1949000
2023-11-27,17.224414825439453,17.25809147627534,17.067920226242084,17.097633362354884,2824000
2023-11-28,17.279882431030273,17.355158988433843,17.115464570582798,17.174892735674504,5846500
2023-11-29,17.056032180786133,17.250166930977144,17.044147305070133,17.214508525455056,3034500
2023-11-30,17.02631950378418,17.166967594059713,16.99066109730524,17.157062586103734,4065000
2023-12-01,17.063961029052734,17.107540805336534,16.91142614449706,16.91142614449706,3241500
2023-12-04,16.901517868041992,16.94311965701663,16.762851535416843,16.89161474930056,5139000
2023-12-05,17.115463256835938,17.172909660033955,17.00849181220685,17.012453437683902,4086500
2023-12-06,17.511653900146484,17.73748355189955,17.511653900146484,17.63051021956284,10883000
2023-12-07,17.533445358276367,17.555237133835423,17.30761757544127,17.428455663008144,4265500
2023-12-08,17.68994140625,17.725597926530856,17.505711643361973,17.505711643361973,3239500
2023-12-11,17.69588279724121,17.759274475267322,17.65230302585971,17.687959545933165,3585500
2023-12-12,17.905864715576172,17.93557974283289,17.66815016508437,17.711731827223428,3447000
2023-12-13,18.183198928833008,18.197065563430453,17.78700801948649,17.94350262577377,7517000
2023-12-14,18.307998657226562,18.33573192644723,18.054437608521482,18.086132503461208,6704000
2023-12-15,18.36148452758789,18.56156078658961,18.349597761761224,18.472417599638398,3513000
2023-12-18,18.26639747619629,18.306017508991143,18.10990288070576,18.139616016114758,4349500
2023-12-19,18.14952278137207,18.355542437800967,18.11584801726096,18.15744792221056,5179000
2023-12-20,17.84445571899414,18.224798223581445,17.84445571899414,18.206969963864417,3922000
2023-12-21,18.37535285949707,18.401104372522322,18.09405663864504,18.24064813253356,3759000
2023-12-22,18.252531051635742,18.2842259447224,18.127731347439248,18.17527463166282,2659500
2023-12-26,18.516000747680664,18.551657269652996,18.266399426312287,18.270361052177286,3302000
2023-12-27,18.622970581054688,18.63089383209471,18.514017377912058,18.54571416044651,2927000
2023-12-28,18.749753952026367,18.78739223207816,18.603162457742418,18.61702909306743,2228500
2023-12-29,18.757675170898438,18.801256829705352,18.68239861895339,18.739846911582436,1512500
2024-01-02,18.48232078552246,18.620987111911454,18.414967490312375,18.521940815454748,3337500
2024-01-03,18.300077438354492,18.383277255257397,18.266400782221176,18.343659104479222,2849000
2024-01-04,18.036605834960938,18.191120559215044,17.971234293514474,18.020759333511556,4555000
2024-01-05,18.07028579711914,18.28422871940446,17.993029365422338,18.016801011141535,3612000
2024-01-08,18.30403709411621,18.32384711196653,18.0683043049342,18.0683043049342,2077000
2024-01-09,18.24658966064453,18.30007443880655,18.195084750643783,18.250551286154252,2647000
2024-01-10,19.04689598083496,19.08651601699326,18.832953075304598,18.840876326861334,5481000
2024-01-11,19.27668571472168,19.522323495737364,19.09047609393465,19.472800343744677,6116500
2024-01-12,19.760040283203125,19.983888183782792,19.700610232679995,19.764001908733896,7613500
2024-01-16,19.445066452026367,19.617409433586968,19.43714320136685,19.530248008771,4267000
2024-01-17,19.296497344970703,19.34998212689331,19.219239029943857,19.22716417070771,4046500
2024-01-18,19.383657455444336,19.40148571486705,19.21527609123038,19.231124482487893,3300000
2024-01-19,19.615432739257812,19.631279243140785,19.401487934151124,19.44903122417483,2180000
2024-01-22,19.728343963623047,19.87493544682533,19.67882080954528,19.773907381264294,2871500
2024-01-23,19.56194305419922,19.611466204990702,19.458933238068276,19.5876945636384,2709500
2024-01-24,19.40346908569336,19.76400348639379,19.37177418972996,19.579773715602897,2930000
2024-01-25,19.21923828125,19.348001504882944,19.16773336963427,19.264801699008434,2746500
2024-01-26,18.896343231201172,18.979544930903558,18.7933352914116,18.878514970260426,4490500
2024-01-29,19.25885772705078,19.274704229101985,19.114248005304063,19.19546605128443,3055000
2024-01-30,19.294513702392578,19.454971810858122,19.276685443493545,19.415351778471717,2373000
2024-01-31,19.363847732543945,19.704572091660435,19.340076089890495,19.66495394669616,4626500
2024-02-01,19.589679718017578,19.619394747157703,19.375736797933477,19.419318462834845,3121000
2024-02-02,19.52430534362793,19.563925376755588,19.373752240442286,19.39554401433736,2028500
2024-02-05,19.3321533203125,19.365829972342727,19.193486975702445,19.294515042605877,2576500
2024-02-06,19.207351684570312,19.21131330984954,19.042931955766377,19.098398488049714,3756500
2024-02-07,19.266782760620117,19.34800270330205,19.20735459405551,19.266782760620117,2948500
2024-02-08,19.096420288085938,19.11028692236803,18.912190527606224,19.05085687042715,3142500
2024-02-09,19.017181396484375,19.074627799682393,18.937943219381822,18.999351248056893,4098000
2024-02-12,19.048877716064453,19.31828716055186,18.995391045150694,19.062744350866197,4909000
2024-02-13,18.989450454711914,19.254898286057127,18.902287126792668,19.205373238560423,5579000
2024-02-14,18.175275802612305,18.902286079041883,17.699846708121235,18.854742791755317,16785500
2024-02-15,18.22281837463379,18.260456651492703,18.002932096454664,18.076226892785304,7377000
2024-02-16,17.59881591796875,17.878130356082465,17.571082649894503,17.86426372204534,7168500
2024-02-20,17.40270233154297,17.547312063544773,17.353179175340223,17.48590214077349,4595500
2024-02-21,17.2125301361084,17.412606396751865,17.186776736064097,17.404683145593868,5795500
2024-02-22,17.495805740356445,17.6384355925645,17.404682686879486,17.481939106601814,8606500
2024-02-23,17.414588928222656,17.545332024077236,17.367045640786937,17.49382711088642,6012000
2024-02-26,17.050092697143555,17.15310252223839,17.020377670570603,17.147159139086348,8274000
2024-02-27,16.994625091552734,17.083766387298574,16.89161527292737,17.07188151092818,4384000
2024-02-28,16.869823455810547,16.933215130517976,16.816338678500397,16.90151834857069,2902500
2024-02-29,16.998586654663086,17.135271233763486,16.960948379180824,17.077824831069883,5734000
2024-03-01,17.436378479003906,17.521560043255118,17.287807125516178,17.357140297864635,5830000
2024-03-04,17.131311416625977,17.22045461064157,17.067921624484253,17.16102644436029,2808500
2024-03-05,16.9688720703125,17.137253435693886,16.949062053400056,17.059997014597425,2682000
2024-03-06,17.188758850097656,17.254130396475542,17.11348229497315,17.18677709267343,3677500
2024-03-07,17.214508056640625,17.299689609106803,17.192718173827856,17.275917969135147,5442500
2024-03-08,17.275920867919922,17.432417366560134,17.234320963286088,17.36308419217041,3317000
2024-03-11,17.186777114868164,17.220453766812707,17.101597440074286,17.13329233459205,2774500
2024-03-12,17.382890701293945,17.475995510967916,17.248185990862698,17.325444298831307,2401500
2024-03-13,17.400720596313477,17.464110380586874,17.349215688146177,17.394777213666874,2212500
2024-03-14,17.254131317138672,17.4759974795023,17.196683019017797,17.428456079843915,3240000
2024-03-15,17.30959701538086,17.36704531070609,17.258092103168956,17.303653632267533,2803000
2024-03-18,17.63645362854004,17.73352006368487,17.6087203613558,17.6087203613558,4409500
2024-03-19,17.630510330200195,17.6701303630457,17.541367145484955,17.630510330200195,3201000
2024-03-20,17.75333023071289,17.77710187267076,17.501749066611545,17.580987243408718,2915000
2024-03-21,17.57504653930664,17.745409684439235,17.55920003504427,17.610704952271863,3003000
2024-03-22,17.55523681640625,17.600798345808492,17.50373190385107,17.579006570643468,1495500
2024-03-25,17.028301239013672,17.12933119773031,16.982739708770037,17.087731293266035,3617500
2024-03-26,17.178855895996094,17.258094086258936,17.125371109392102,17.155084249998495,2844000
2024-03-27,17.20012092590332,17.271670759540495,17.12459441665497,17.271670759540495,3276000
2024-03-28,17.04111671447754,17.16235602703657,17.039128376862443,17.130555893415526,3305000
2024-04-01,17.1265811920166,17.16036966714685,17.05105657675997,17.092794612346644,1990000
2024-04-02,16.95962905883789,16.993417533986403,16.82845183393449,16.993417533986403,2704500
2024-04-03,17.047080993652344,17.130558965636247,16.975531154038155,16.97950593452112,4699500
2024-04-04,16.80459976196289,17.112667000200105,16.798636644417748,17.110680557991806,3038500
2024-04-05,16.858266830444336,16.93379334703333,16.752926616635335,16.79466465546708,2056500
2024-04-08,16.758888244628906,16.846339095051725,16.721124989693088,16.812550620299636,2755500
2024-04-09,16.82248878479004,16.919877534943982,16.739012713229517,16.86820349627725,2567500
2024-04-10,16.72112464904785,16.778763699188346,16.661499156586096,16.71913631126636,2193500
2024-04-11,16.707212448120117,16.756900044013964,16.580010003897936,16.744975703365142,1914000
2024-04-12,16.693300247192383,16.808576458603262,16.63367475132195,16.76087530372278,3887000
2024-04-15,16.357404708862305,16.629697046958018,16.32162979264485,16.605846470992972,3957000
2024-04-16,16.490570068359375,16.621747286859172,16.47665739050213,16.595910268892943,4266000
2024-04-17,16.21430206298828,16.353428833919676,16.1705756940698,16.353428833919676,2900000
2024-04-18,16.273929595947266,16.41106994193095,16.267968373201263,16.31169285215349,2239500
2024-04-19,16.158653259277344,16.329580184360637,16.13679101997119,16.200391295476532,2989000
2024-04-22,16.210329055786133,16.244117531124303,16.07716349228994,16.146726885362465,3056000
2024-04-23,16.2600154876709,16.27790294525706,16.1049876961572,16.128838271425472,4045000
2024-04-24,16.438894271850586,16.518395559610052,16.341505526050778,16.405105798074267,3223500
2024-04-25,16.385231018066406,16.395167019975226,16.12685137285455,16.15467672730351,2764500
2024-04-26,16.36336898803711,16.383244785328614,16.24014131938221,16.256042336307484,2203000
2024-04-29,16.494544982910156,16.522370338851566,16.39516789935075,16.470694407037488,3542500
2024-04-30,16.411069869995117,16.524359638117208,16.395168853334706,16.47467014571612,2321500
2024-05-01,16.474668502807617,16.667459544085364,16.403118673621755,16.45876938319304,1969500
2024-05-02,16.711185455322266,16.820500429243033,16.583983024595938,16.703235895733147,3285500
2024-05-03,16.802614212036133,17.007329602509287,16.735037264162933,16.943727434723886,3156000
2024-05-06,16.862239837646484,16.919876992565744,16.794662889238783,16.896028311850337,3732500
2024-05-07,16.22821617126465,16.363368174297214,16.216291830758948,16.345480715808534,4730000
2024-05-08,15.572330474853516,15.671707563575668,15.43519013032615,15.554443015884797,8584000
2024-05-09,15.397427558898926,15.403389729209806,15.230474469702486,15.274199895172687,8243500
2024-05-10,14.9800443649292,15.09134578555323,14.928368434573732,15.081407887931777,10575500
2024-05-13,15.135071754455566,15.282149990916581,15.099296838095425,15.214573990566175,7600000
2024-05-14,16.144739151000977,16.267966806274178,15.701518965471063,15.721393812874114,17271000
2024-05-15,16.591934204101562,16.59988565992709,16.419018945665478,16.436908299677707,10085000
2024-05-16,16.574045181274414,16.772799335329367,16.558146062044475,16.675410595935677,5177500
2024-05-17,16.645599365234375,16.74696289942211,16.59591176710439,16.709199642477586,3842500
2024-05-20,16.613798141479492,16.695285872908695,16.595910683139437,16.645598278024064,3897000
2024-05-21,16.297779083251953,16.45876999583293,16.291815965444457,16.45876999583293,4444000
2024-05-22,16.15070152282715,16.260014600091193,16.134800508362893,16.244115481087,2983500
2024-05-23,16.059276580810547,16.281881341690518,16.04138912133367,16.281881341690518,3181500
2024-05-24,15.957913398742676,16.055302154511597,15.930088039951555,15.936049262935075,3700000
2024-05-28,15.874434471130371,16.053311891585494,15.854559623404286,16.007599078404436,2697000
2024-05-29,15.592204093933105,15.775057240391364,15.570341856413803,15.699531682469104,3792500
2024-05-30,16.057287216186523,16.15070117241965,15.930084789612469,15.995673392731902,5094000
2024-05-31,16.3653564453125,16.373306005617184,16.192441188193957,16.248091901247257,4841000
2024-06-03,16.61578369140625,16.675411076617596,16.496532711903846,16.522369729127313,4084500
2024-06-04,17.0987548828125,17.114655898300192,16.882115156486314,16.963602885277755,5656000
2024-06-05,17.219995498657227,17.233908177458527,17.066956031842917,17.170307901641245,3102500
2024-06-06,17.33725929260254,17.388935225252357,17.221983086903823,17.221983086903823,3188000
2024-06-07,16.983478546142578,17.096768305011345,16.9715523107563,17.074904171956565,2238000
2024-06-10,17.021244049072266,17.057018969039703,16.860253118297955,16.894041595745215,2429000
2024-06-11,16.894039154052734,16.911926611451182,16.740999701859167,16.85826423925584,3901000
2024-06-12,16.687335968017578,16.94174084604079,16.66547372999347,16.82646274718955,3970500
2024-06-13,16.715160369873047,16.784723755488862,16.645596984257228,16.72907304699621,2319500
2024-06-14,16.341506958007812,16.426971371089785,16.273930004533604,16.39715767476992,3336500
2024-06-17,16.12287712097168,16.166601596274678,16.01356214179384,16.045362277139706,3513500
2024-06-18,15.826733589172363,16.0175372483277,15.761144979420544,15.987723554636796,11213000
2024-06-20,16.06523895263672,16.12685278444109,15.997662002797012,15.999650340628884,4077500
2024-06-21,16.005613327026367,16.047351362009874,15.940024715557966,16.03145034586652,10343500
2024-06-24,16.12287712097168,16.19641528935777,16.023500039488205,16.053311837111128,2711000
2024-06-25,16.313678741455078,16.34547887468196,16.176538416055347,16.34547887468196,5581500
2024-06-26,16.468708038330078,16.488581938762604,16.34150559826081,16.409080650651838,4289000
2024-06-27,16.750938415527344,16.824476586397214,16.695285807467176,16.735037399587263,4038500
2024-06-28,16.88410186767578,16.94770403517937,16.780750004010134,16.780750004010134,3588000
2024-07-01,16.95565414428711,17.037141877014722,16.90596465315049,16.917890889207392,2806000
2024-07-02,17.223970413208008,17.225956855427743,17.01726669474758,17.074903846482027,4093000
2024-07-03,17.023229598999023,17.07291909130441,16.89801549021803,16.89801549021803,2657000
2024-07-05,17.25577163696289,17.269684315219667,17.106706956288825,17.106706956288825,3044000
2024-07-08,17.212045669555664,17.32732377393422,17.172295971654997,17.221983567895904,2170500
2024-07-09,17.975257873535156,17.995133669584018,17.83016797420689,17.90768282061336,5745500
2024-07-10,18.430404663085938,18.46816792004915,18.227675699149763,18.255502952850357,7300000
2024-07-11,19.00678825378418,19.118091574785844,18.94517442308511,19.076351644747568,6310000
2024-07-12,19.094242095947266,19.173743389540398,18.885550015602576,18.925301610129317,2768500
2024-07-15,19.00678825378418,19.128027577386117,18.976976455062868,19.07833998254377,2464000
2024-07-16,19.106164932250977,19.13200384575039,18.94318757754001,19.002813069173737,3258000
2024-07-17,19.072376251220703,19.141939639946834,18.89548622053709,18.91337367828664,3091500
2024-07-18,18.52381706237793,18.83188621022982,18.48207902856449,18.73648390696469,3312500
2024-07-19,18.450279235839844,18.529780524886256,18.368789608996668,18.440341337776513,7873500
2024-07-22,18.446304321289062,18.482079237688172,18.35289035472674,18.394628389012443,3446000
2024-07-23,18.2197265625,18.346929015470945,18.209788663545663,18.319103656582964,2719000
2024-07-24,17.726816177368164,18.1064351642419,17.697004378640646,18.08656126357697,5220500
2024-07-25,17.0987548828125,17.35713453786136,17.092793660532276,17.261734131315755,6394500
2024-07-26,17.355148315429688,17.418748587265732,17.221982758481452,17.25577123215819,4810000
2024-07-29,17.17229461669922,17.27962125666095,17.168317941308658,17.26173379924402,2764000
2024-07-30,17.565828323364258,17.62942860063574,17.4406123158292,17.50023970816413,4232500
2024-07-31,17.60756492614746,17.681103096149915,17.54197631629116,17.681103096149915,3904500
2024-08-01,16.880128860473633,17.27763534114415,16.864227843062647,17.237885640807306,5616000
2024-08-02,16.220266342163086,16.347468782750816,16.11691447765182,16.21629156206038,6846500
2024-08-05,16.373306274414062,16.41703264772818,15.856547884651096,15.99766205967716,8159500
2024-08-06,16.506471633911133,16.589947703835776,16.311692241960035,16.415044108188717,6560000
2024-08-07,16.806589126586914,17.585700998374723,16.806589126586914,17.291546419461966,5973000
2024-08-08,16.780750274658203,16.8244766470559,16.587959222193234,16.774787156726642,4911500
2024-08-09,16.77478790283203,16.782739358914522,16.623736773709314,16.721125525441945,2711000
2024-08-12,16.838390350341797,16.85627780976518,16.703238340246894,16.79267753282418,2481000
2024-08-13,17.700977325439453,17.722839561636675,17.365084745738283,17.365084745738283,5555500
2024-08-14,17.68706703186035,17.716878831517064,17.57178892710946,17.677129133488013,2468000
2024-08-15,17.58172607421875,17.605576650201172,17.422723497976072,17.43266139592377,3353000
2024-08-16,17.93550682067871,17.971281734493303,17.70892731195939,17.812279169046086,2949000
2024-08-19,18.176000595092773,18.195874495915607,17.973271643017785,17.98122120334692,3243500
2024-08-20,18.044822692871094,18.098485066262445,17.98519530626712,18.04084601739601,3695500
2024-08-21,18.44232940673828,18.47810432287659,18.189912865081922,18.201837205307953,4133000
2024-08-22,18.144197463989258,18.39462755379278,18.110410886906525,18.37077697878958,3159000
2024-08-23,18.362829208374023,18.384691447815673,18.13227489118266,18.20183828527912,2222000
2024-08-26,18.446304321289062,18.50592981377432,18.394628389012443,18.484067575470448,2116000
2024-08-27,19.094242095947266,19.112129555300157,18.845800316536188,18.931262832940046,4354000
2024-08-28,19.229393005371094,19.34466921107491,19.153866496459536,19.294981616219527,5290500
2024-08-29,19.241317749023438,19.31883259735625,19.14392899960811,19.195604933343223,3146000
2024-08-30,19.390380859375,19.42218288944806,19.27510466060559,19.32479225247203,2005000
2024-09-03,18.97697639465332,19.263181413320353,18.957100598595552,19.161815990701886,4532000
2024-09-04,18.774248123168945,18.91337490967933,18.67487103474997,18.782197683695166,2766000
2024-09-05,18.754371643066406,18.81399713576118,18.678845134438248,18.742447302711547,2429500
2024-09-06,17.89774513244629,18.388665548755924,17.840106081412845,18.317113819417195,4865000
2024-09-09,18.09649658203125,18.166061865839414,18.003082618326783,18.066684784430784,2552500
2024-09-10,18.480093002319336,18.561580734021028,18.233637678489217,18.285313611344538,3474000
2024-09-11,18.63710594177246,18.651018619051957,18.340963043571662,18.476115036495354,2442000
2024-09-12,18.607295989990234,18.625183448914605,18.456242967143886,18.507918901514465,1897000
2024-09-13,18.57151985168457,18.637108467098027,18.525807033780733,18.573508189619684,1741000
2024-09-16,18.505929946899414,18.64108194871968,18.42046553993093,18.55363109941486,2483000
2024-09-17,17.997121810913086,18.18593618493543,17.917620523045727,18.174011844712425,3567500
2024-09-18,17.985197067260742,18.185937693619515,17.887808313249508,18.015010763481893,3752500
2024-09-19,18.529781341552734,18.597358293177628,18.408542012573072,18.43239258988419,2949000
2024-09-20,18.501956939697266,18.674872212539995,18.468168462139392,18.6708974320262,2927000
2024-09-23,18.724557876586914,18.742447230240387,18.476116113282394,18.523817265437863,2087500
2024-09-24,18.992874145507812,19.12206491510679,18.93722343692737,19.12206491510679,2139000
2024-09-25,19.082313537597656,19.118090347410714,19.018713268645744,19.04057550569919,2203000
2024-09-26,19.607025146484375,19.624912606175066,19.362558142817218,19.404296180582293,3544500
2024-09-27,19.11212921142578,19.543424147887034,19.1002029750982,19.40429546500706,4186000
2024-09-30,19.260112762451172,19.345873262136852,19.16039328591541,19.325928606018863,2265000
2024-10-01,19.305986404418945,19.42764576697693,19.15241483034809,19.321940608148232,4922000
2024-10-02,18.9370174407959,19.000839960368914,18.72760425632298,19.000839960368914,3716000
2024-10-03,18.747547149658203,18.867213185978663,18.69968263715714,18.745553825235348,2312000
2024-10-04,18.91707420349121,18.937018861230488,18.793421509967644,18.807382389979686,2291500
2024-10-07,19.078622817993164,19.228203946434874,19.016795520444415,19.068650489160085,3341500
2024-10-08,18.974912643432617,19.04072849128665,18.956963212568287,19.028762838052835,2017000
2024-10-09,18.996850967407227,19.1763490833368,18.657799393324094,18.77746543795289,1987700
2024-10-10,18.807382583618164,18.88715931336939,18.66777188003306,18.857242326452457,2079400
2024-10-11,18.927045822143555,18.996850219584438,18.68771564433459,18.68771564433459,1725600
2024-10-14,19.036739349365234,19.106543746130683,18.817353830669937,18.84726891383961,2081300
2024-10-15,18.607938766479492,18.797409202291572,18.548106698022526,18.75751988863549,2120200
2024-10-16,18.627883911132812,18.647828568483163,18.558079512433796,18.647828568483163,1885200
2024-10-17,18.458356857299805,18.56805056314978,18.3785801354163,18.548105907172133,1662900
2024-10-18,18.169166564941406,18.189111222580163,18.029557765524594,18.059474751982727,2534500
2024-10-21,18.049501419067383,18.119305814892563,17.969724694977586,18.089388830098713,2361300
2024-10-22,17.840085983276367,17.8899476236316,17.77028158880614,17.850058311347414,2630700
2024-10-23,17.48109245300293,17.590784262562842,17.371398741415838,17.451175467471764,2842200
2024-10-24,17.64064598083496,17.69050572157374,17.540924597330218,17.55089692588341,2544500
2024-10-25,17.57084083557129,17.630672902318157,17.491064112566427,17.501034538668318,2607400
2024-10-28,17.700477600097656,17.740366913296256,17.630673204027246,17.660588286899056,2573700
2024-10-29,17.800199508666992,17.83011459242549,17.650618383792924,17.710450453337113,2698400
2024-10-30,17.92983627319336,18.05947464505043,17.91986394443303,18.019585330009107,3015300
2024-10-31,17.5508975982666,17.770283128760052,17.51100828252565,17.770283128760052,2136300
2024-11-01,17.680532455444336,17.790226161685357,17.570840651230405,17.630672717349558,1581100
2024-11-04,17.690505981445312,17.80019969511464,17.67056132404594,17.700478310144998,1727600
2024-11-05,17.9996395111084,18.04950115169286,17.850058393409228,17.949779772551043,2271700
2024-11-06,17.939807891845703,17.969724876942497,17.780254442050442,17.949780220211302,2960300
2024-11-07,18.21902847290039,18.28883287361976,18.06944734249785,18.14922407218102,3689100
2024-11-08,19.85445213317871,20.61233200666854,19.44559616093156,19.44559616093156,10593700
2024-11-11,19.0666561126709,19.345873696483263,18.837296366218705,19.286041628813063,4156700
2024-11-12,18.617910385131836,18.956961930174415,18.568050646989672,18.94698960214056,2713200
2024-11-13,18.44838523864746,18.657798428383398,18.388553170441075,18.63785567366604,2966800
2024-11-14,18.438413619995117,18.617911733550567,18.4084966337268,18.548107334285053,2083500
2024-11-15,18.408496856689453,18.597967301295864,18.358637114332254,18.52816290118488,2958400
2024-11-18,18.91707420349121,19.00682326129071,18.667771687831998,18.667771687831998,2877100
2024-11-19,18.86721420288086,18.946990930718584,18.757520488843777,18.757520488843777,2557400
2024-11-20,19.126487731933594,19.286041176664934,19.04671100956792,19.196292126250167,6542900
2024-11-21,19.016794204711914,19.096570927829724,18.917072825307876,19.026766532855028,1707800
2024-11-22,19.00682258605957,19.0865993121553,18.917073531448473,18.966935174025295,2068700
2024-11-25,19.36581802368164,19.445594746560804,19.256124316462625,19.256124316462625,3326400
2024-11-26,19.315959930419922,19.395736660094236,19.266098285606432,19.365819673206143,1783100
2024-11-27,19.704870223999023,19.91428341523189,19.69489789555548,19.704870223999023,2494200
2024-11-29,19.994060516357422,20.004032844988302,19.854451719579515,19.92425611796847,1247900
2024-12-02,19.954172134399414,20.02397652939696,19.874395411255485,19.94419980625303,3337900
2024-12-03,20.41288948059082,20.43283413850904,20.2633083502587,20.39294672469987,3364500
2024-12-04,20.931438446044922,21.031159830139206,20.831717061950638,20.95138310326922,4284800
2024-12-05,20.841690063476562,21.011215851302147,20.841690063476562,20.9912711934339,3637600
2024-12-06,20.88157844543457,20.981299828289227,20.841689131481836,20.921465857360126,1973000
2024-12-09,21.0411319732666,21.350266549409273,20.98129990414835,21.240572837669827,4085300
2024-12-10,21.70926284790039,21.9785100129621,21.69929051933953,21.83889931513722,5038500
2024-12-11,22.10814666748047,22.187923394615975,21.988480625763604,21.99845295440894,4175100
2024-12-12,22.31756019592285,22.64663943802,22.31756019592285,22.536947625339106,4658700
2024-12-13,21.629486083984375,21.84887160586186,21.55968168620641,21.80898419371467,3452700
2024-12-16,21.430044174194336,21.56965297533348,21.360239773624766,21.410099516309526,3888500
2024-12-17,21.66937255859375,21.918675055315795,21.639457476284452,21.739176953351585,4757800
2024-12-18,20.851661682128906,21.609541537060895,20.771884955400655,21.48987549595492,3633600
2024-12-19,20.602359771728516,20.8815792744007,20.522583042683216,20.84168995886442,4412000
2024-12-20,20.961355209350586,21.100964004384142,20.72202503128141,20.79182942879819,5678400
2024-12-23,21.100963592529297,21.150823332060337,20.86163341913144,20.89155040406635,2500400
2024-12-24,21.081018447875977,21.110935432118303,20.931437330718545,20.96135431496087,979900
2024-12-26,21.120908737182617,21.220630120576054,21.071047094472306,21.120908737182617,1306500
2024-12-27,21.40012550354004,21.469931800644304,21.270489041543495,21.440014816171047,1936600
2024-12-30,21.15082359313965,21.27048963232927,20.991270142238264,21.06107644128139,1934500
2024-12-31,21.100963592529297,21.250544713149566,21.071046607594386,21.17076798868361,1186100
2025-01-02,21.031160354614258,21.270490541192636,20.961355954615637,21.210658470054852,2641500
2025-01-03,21.260517120361328,21.290434105407265,21.05110393112123,21.120908327534593,2297300
2025-01-06,20.841690063476562,21.100964909682002,20.83171773454244,21.031160509170395,3402900
2025-01-07,20.851661682128906,21.130881176691386,20.831717024940044,21.001242806990977,2719200
2025-01-08,20.712053298950195,20.761913040889574,20.502638198344883,20.6721639837769,3277300
2025-01-10,20.293224334716797,20.522582183365,20.193502952078873,20.39294571735472,4818000
2025-01-13,20.153614044189453,20.293224743505746,20.053894561569944,20.133671288881878,2699000
2025-01-14,19.824535369873047,20.113727203367354,19.794620285047614,20.03395047378742,4312600
2025-01-15,20.442806243896484,20.452778572746535,20.233393044127208,20.42286158619639,4733900
2025-01-16,20.273279190063477,20.462749622314668,20.24336220538367,20.462749622314668,4476000
2025-01-17,20.582414627075195,20.642248598964215,20.482695144647913,20.552499543157893,2992800
2025-01-21,20.841690063476562,20.921466792922292,20.6821366045851,20.73199824925572,3143800
2025-01-22,20.86163330078125,20.9912697640428,20.801801233278006,20.911493040029434,3345600
2025-01-23,21.310379028320312,21.330321783239583,21.061076522571266,21.061076522571266,4099100
2025-01-24,20.77188491821289,20.921466042807168,20.65221887732115,20.751940261059733,4874100
2025-01-27,20.941410064697266,20.961354721245396,20.781856616366504,20.85166101225782,4190400
2025-01-28,21.749149322509766,21.868815358054114,21.330321051145212,21.489874497186268,4032200
2025-01-29,22.068256378173828,22.23778215360246,21.91867525915495,22.15800542999058,4984400
2025-01-30,22.237783432006836,22.33750481776124,22.048314891303423,22.197896018921412,3413900
2025-01-31,21.948593139648438,22.16797866302901,21.8688164127803,22.128091250608545,2375100
2025-02-03,21.82892608642578,21.928647465895043,21.609540573215096,21.639457557664006,3141900
2025-02-04,22.457170486450195,22.487085570258422,22.207867977236564,22.27767237549203,4110100
2025-02-05,22.856054306030273,22.89594171877359,22.69650085100258,22.736388263745894,3874100
2025-02-06,22.945802688598633,22.98569010017094,22.84608130662712,22.935830360198764,3000900
2025-02-07,22.507030487060547,22.92585878345097,22.4870858296069,22.92585878345097,4206900
2025-02-10,22.35744857788086,22.536946684628216,22.327531592747246,22.507029699494606,3465900
2025-02-11,22.297616958618164,22.34747669948432,22.19789557485866,22.19789557485866,4204000
2025-02-12,21.908702850341797,21.948592163014535,21.559680874590935,21.779066388209635,4931000
2025-02-13,23.125301361083984,23.962957946879357,22.9757202354835,23.1951057595624,6551200
2025-02-14,24.072649002075195,24.182342711684097,23.873208141545636,24.04273391911069,5033400
2025-02-18,24.451589584350586,24.810583889913048,24.341895876025518,24.71086441182894,7072400
2025-02-19,24.651031494140625,24.710865465976113,24.451590627437284,24.561282438414597,4016800
2025-02-20,24.850473403930664,24.880390388814345,24.651030642093726,24.760724351306756,2825100
2025-02-21,24.710865020751953,25.21944236002715,24.631088295102543,25.179553046188857,5048200
2025-02-24,24.73080825805664,24.850474299878616,24.501450405093994,24.81058498526222,2721300
2025-02-25,25.00005531311035,25.199498081240215,24.920278586263844,25.109749025784495,5791800
2025-02-26,25.388965606689453,25.568463710445812,25.199497076748518,25.209469404960217,3657400
2025-02-27,24.960166931152344,25.40891028897283,24.920277618264944,25.309188908781458,4035200
2025-02-28,24.97014045715332,24.990083212526518,24.64105931612814,24.720837945729794,2736300
2025-03-03,24.521394729614258,24.970140002822586,24.421673346453833,24.73080792242669,2579100
2025-03-04,24.10256576538086,24.331923608792525,23.663792833008053,23.943012317613864,4295800
2025-03-05,24.272092819213867,24.30200980550536,23.85326452126911,23.883181507560604,3469500
2025-03-06,24.331924438476562,24.75075272865316,24.311979781318822,24.631088589761102,6209600
2025-03-07,24.082622528076172,24.132484172208628,23.55410241446283,24.082622528076172,3617100
2025-03-10,22.7862491607666,23.15521580017116,22.656610794036343,23.135273045466406,4485800
2025-03-11,22.885971069335938,23.07543960657003,22.616723903337352,22.816164769167003,4370500
2025-03-12,23.623905181884766,23.853263022964445,23.474324063877457,23.683737248682267,5327500
2025-03-13,23.34468650817871,23.554101602259394,23.29482676779278,23.4244632340125,2425800
2025-03-14,24.03276252746582,24.102566926473173,23.803404673005303,23.803404673005303,8643000
2025-03-17,24.441617965698242,24.561282103683975,24.24217519968578,24.302009170705826,8709300
2025-03-18,24.451589584350586,24.5812260470762,24.162397772230722,24.371812860667024,10612700
2025-03-19,24.900333404541016,25.01999944330371,24.461562367141173,24.531366763908096,10887300
2025-03-20,24.820556640625,24.860445954159346,24.551311382376813,24.601171122267587,4338300
2025-03-21,25.159608840942383,25.408911350825747,25.069859785222196,25.20947048413538,24505900
2025-03-24,25.19949722290039,25.22941230568187,25.01002678983344,25.169580238091775,13639700
2025-03-25,25.189525604248047,25.189525604248047,25.03994448004538,25.15960861859664,3278900
2025-03-26,25.428855895996094,25.55849236367195,25.33910684067158,25.428855895996094,4885700
2025-03-27,25.568464279174805,25.708074975216903,25.279274362711426,25.279274362711426,5711400
2025-03-28,25.020000457763672,25.279275300572756,24.900334414149,25.189526243368565,5571300
2025-03-31,25.389999389648438,25.440000534057617,24.969999313354492,25.049999237060547,6441100
2025-04-01,25.170000076293945,25.290000915527344,24.709999084472656,25.219999313354492,10219100
2025-04-02,24.84000015258789,24.920000076293945,24.450000762939453,24.520000457763672,4696000
2025-04-03,23.3799991607666,24.020000457763672,23.360000610351562,23.510000228881836,6473500
2025-04-04,21.81999969482422,22.5,21.760000228881836,22.270000457763672,7990900
2025-04-07,21.239999771118164,22.190000534057617,20.420000076293945,20.420000076293945,10610300
2025-04-08,21.31999969482422,22.489999771118164,21.1299991607666,22.299999237060547,5512500
2025-04-09,22.969999313354492,23.139999389648438,21.09000015258789,21.309999465942383,7765100
2025-04-10,22.920000076293945,23.579999923706055,22.219999313354492,23.520000457763672,8913700
2025-04-11,22.940000534057617,23.020000457763672,22.290000915527344,22.530000686645508,4791100
2025-04-14,23.440000534057617,23.579999923706055,23.190000534057617,23.280000686645508,4536000
2025-04-15,23.68000030517578,23.780000686645508,23.559999465942383,23.559999465942383,2635900
2025-04-16,23.360000610351562,23.610000610351562,23.149999618530273,23.549999237060547,3447200
2025-04-17,24.010000228881836,24.260000228881836,23.920000076293945,24.0,4549500
2025-04-21,23.75,23.989999771118164,23.520000457763672,23.90999984741211,3403500
2025-04-22,24.329999923706055,24.360000610351562,24.06999969482422,24.09000015258789,4681100
2025-04-23,24.889999389648438,25.229999542236328,24.790000915527344,25.010000228881836,3101500
2025-04-24,25.1200008392334,25.1200008392334,24.770000457763672,24.81999969482422,3193800
2025-04-25,24.969999313354492,24.969999313354492,24.700000762939453,24.81999969482422,2602100
2025-04-28,25.280000686645508,25.450000762939453,24.690000534057617,24.739999771118164,8671000
2025-04-29,25.75,25.899999618530273,25.34000015258789,25.530000686645508,7306000
2025-04-30,26.0,26.079999923706055,25.280000686645508,25.700000762939453,6370800
2025-05-01,25.280000686645508,25.559999465942383,25.239999771118164,25.559999465942383,7461400
2025-05-02,25.329999923706055,25.43000030517578,24.959999084472656,25.030000686645508,6866500
2025-05-05,25.239999771118164,25.360000610351562,25.139999389648438,25.200000762939453,5593300
2025-05-06,25.229999542236328,25.329999923706055,25.100000381469727,25.270000457763672,5322900
2025-05-07,25.020000457763672,25.290000915527344,24.829999923706055,24.989999771118164,4843700
2025-05-08,24.450000762939453,24.729999542236328,24.350000381469727,24.440000534057617,5040900
2025-05-09,24.700000762939453,24.809999465942383,24.649999618530273,24.68000030517578,3015900
2025-05-12,24.739999771118164,24.899999618530273,24.59000015258789,24.799999237060547,7759700
2025-05-13,24.540000915527344,24.899999618530273,24.5,24.790000915527344,12707900
2025-05-14,24.8799991607666,25.6200008392334,24.799999237060547,25.25,13840500
2025-05-15,24.8700008392334,25.149999618530273,24.84000015258789,25.100000381469727,13791400
2025-05-16,24.68000030517578,24.760000228881836,24.479999542236328,24.639999389648438,4069600
2025-05-19,25.040000915527344,25.059999465942383,24.59000015258789,24.649999618530273,7554300
2025-05-20,25.799999237060547,25.950000762939453,25.219999313354492,25.520000457763672,7332800
2025-05-21,24.889999389648438,25.489999771118164,24.8799991607666,25.450000762939453,5083400
2025-05-22,25.329999923706055,25.440000534057617,25.18000030517578,25.34000015258789,5037000
2025-05-23,25.530000686645508,25.670000076293945,25.290000915527344,25.360000610351562,6527500
2025-05-27,26.559999465942383,26.600000381469727,25.959999084472656,26.020000457763672,6992500
2025-05-28,26.299999237060547,26.420000076293945,26.209999084472656,26.34000015258789,6134800
2025-05-29,26.6200008392334,26.950000762939453,26.5,26.950000762939453,10688600
2025-05-30,26.3799991607666,26.510000228881836,26.06999969482422,26.459999084472656,6792800
2025-06-02,26.8799991607666,26.940000534057617,26.459999084472656,26.479999542236328,6198500
2025-06-03,26.770000457763672,26.8799991607666,26.690000534057617,26.690000534057617,5805100
2025-06-04,26.670000076293945,26.780000686645508,26.600000381469727,26.75,3289800
2025-06-05,26.329999923706055,26.549999237060547,26.260000228881836,26.479999542236328,4173500
2025-06-06,26.65999984741211,26.739999771118164,26.59000015258789,26.670000076293945,2952300
2025-06-09,26.59000015258789,26.690000534057617,26.469999313354492,26.5,3611200
2025-06-10,26.200000762939453,26.3700008392334,26.049999237060547,26.34000015258789,3360200
2025-06-11,25.90999984741211,26.18000030517578,25.899999618530273,26.110000610351562,4030900
2025-06-12,26.399999618530273,26.399999618530273,26.100000381469727,26.1299991607666,3234300
2025-06-13,25.93000030517578,26.15999984741211,25.84000015258789,25.93000030517578,5147300
2025-06-16,26.09000015258789,26.31999969482422,26.049999237060547,26.059999465942383,3965200
2025-06-17,25.65999984741211,25.940000534057617,25.639999389648438,25.770000457763672,4488000
2025-06-18,25.8799991607666,26.09000015258789,25.850000381469727,25.969999313354492,2880500
2025-06-20,24.75,25.0,24.690000534057617,25.0,8333700
2025-06-23,24.420000076293945,24.450000762939453,23.899999618530273,24.0,8944600
2025-06-24,24.989999771118164,25.030000686645508,24.670000076293945,24.739999771118164,6395700
2025-06-25,24.920000076293945,25.040000915527344,24.860000610351562,25.010000228881836,3554900
2025-06-26,25.540000915527344,25.610000610351562,25.329999923706055,25.350000381469727,5198000
2025-06-27,26.299999237060547,26.440000534057617,26.149999618530273,26.34000015258789,6148000
2025-06-30,26.030000686645508,26.049999237060547,25.719999313354492,25.799999237060547,4394800
2025-07-01,25.469999313354492,25.600000381469727,25.280000686645508,25.399999618530273,8264300
2025-07-02,25.709999084472656,25.729999542236328,25.469999313354492,25.479999542236328,4646100
2025-07-03,25.579999923706055,25.649999618530273,25.360000610351562,25.440000534057617,2282800
2025-07-07,25.299999237060547,25.540000915527344,25.149999618530273,25.40999984741211,4072200
2025-07-08,25.25,25.309999465942383,25.1299991607666,25.280000686645508,3702700
2025-07-09,25.170000076293945,25.190000534057617,25.010000228881836,25.1299991607666,3866900
2025-07-10,24.649999618530273,24.770000457763672,24.559999465942383,24.75,6565300
2025-07-11,24.43000030517578,24.489999771118164,24.31999969482422,24.489999771118164,4546700
2025-07-14,24.399999618530273,24.440000534057617,24.270000457763672,24.350000381469727,3246400
2025-07-15,24.079999923706055,24.239999771118164,24.040000915527344,24.209999084472656,5238600
2025-07-16,23.979999542236328,23.979999542236328,23.780000686645508,23.829999923706055,7649000
2025-07-17,24.40999984741211,24.440000534057617,24.229999542236328,24.299999237060547,5557700
2025-07-18,23.920000076293945,24.139999389648438,23.889999389648438,24.100000381469727,3080700
2025-07-21,24.06999969482422,24.239999771118164,23.989999771118164,24.0,2751900
2025-07-22,24.09000015258789,24.15999984741211,24.040000915527344,24.110000610351562,2899500
2025-07-23,25.260000228881836,25.600000381469727,25.139999389648438,25.149999618530273,5848200
2025-07-24,25.3799991607666,25.690000534057617,25.350000381469727,25.690000534057617,5830300
2025-07-25,24.8799991607666,25.040000915527344,24.790000915527344,25.010000228881836,3727000
2025-07-28,24.360000610351562,24.489999771118164,24.290000915527344,24.43000030517578,2298300
2025-07-29,24.149999618530273,24.420000076293945,24.110000610351562,24.34000015258789,3297000
2025-07-30,24.200000762939453,24.399999618530273,24.110000610351562,24.3700008392334,2794200
2025-07-31,24.31999969482422,24.579999923706055,24.219999313354492,24.579999923706055,3787300
2025-08-01,24.3700008392334,24.420000076293945,24.18000030517578,24.31999969482422,4951300
2025-08-04,24.760000228881836,24.770000457763672,24.520000457763672,24.520000457763672,2362200
2025-08-05,24.530000686645508,24.670000076293945,24.3799991607666,24.59000015258789,3702600
2025-08-06,24.920000076293945,25.049999237060547,24.829999923706055,25.030000686645508,5571800
2025-08-07,26.030000686645508,26.709999084472656,25.850000381469727,26.09000015258789,6712800
2025-08-08,27.149999618530273,27.290000915527344,26.899999618530273,26.899999618530273,4946700
2025-08-11,27.280000686645508,27.360000610351562,27.139999389648438,27.149999618530273,3651400
2025-08-12,27.190000534057617,27.270000457763672,27.020000457763672,27.149999618530273,4992100
2025-08-13,27.979999542236328,28.040000915527344,27.709999084472656,27.760000228881836,3798100
2025-08-14,27.739999771118164,27.799999237060547,27.559999465942383,27.700000762939453,2317000
2025-08-15,28.739999771118164,29.15999984741211,28.670000076293945,28.989999771118164,5183700
2025-08-18,28.350000381469727,28.40999984741211,28.219999313354492,28.290000915527344,3244300
2025-08-19,28.239999771118164,28.43000030517578,28.219999313354492,28.290000915527344,2849700
2025-08-20,28.1200008392334,28.149999618530273,27.889999389648438,28.059999465942383,2823700
2025-08-21,27.6299991607666,27.809999465942383,27.549999237060547,27.690000534057617,2930200
2025-08-22,28.610000610351562,28.690000534057617,28.280000686645508,28.31999969482422,4489700
2025-08-25,28.1200008392334,28.350000381469727,28.1200008392334,28.25,3237500
2025-08-26,27.8799991607666,27.940000534057617,27.719999313354492,27.790000915527344,2821200
2025-08-27,27.84000015258789,27.860000610351562,27.540000915527344,27.600000381469727,3643100
2025-08-28,28.0,28.149999618530273,27.969999313354492,28.06999969482422,4573800
2025-08-29,27.520000457763672,27.6200008392334,27.440000534057617,27.59000015258789,3037900
2025-09-02,26.950000762939453,27.079999923706055,26.59000015258789,26.799999237060547,4919100
2025-09-03,27.030000686645508,27.09000015258789,26.899999618530273,26.959999084472656,3295900
2025-09-04,27.84000015258789,27.8700008392334,27.520000457763672,27.540000915527344,3226200
2025-09-05,27.56999969482422,27.84000015258789,27.459999084472656,27.790000915527344,2620600
2025-09-08,28.670000076293945,28.709999084472656,28.280000686645508,28.299999237060547,4596100
2025-09-09,28.709999084472656,28.790000915527344,28.579999923706055,28.75,3214300
2025-09-10,28.649999618530273,28.979999542236328,28.56999969482422,28.8799991607666,3934200
2025-09-11,29.190000534057617,29.239999771118164,28.770000457763672,28.770000457763672,4384100
2025-09-12,29.209999084472656,29.40999984741211,28.959999084472656,29.0,4680600
2025-09-15,29.34000015258789,29.440000534057617,29.209999084472656,29.3799991607666,2900600
2025-09-16,28.81999969482422,28.829999923706055,28.549999237060547,28.81999969482422,2808700
2025-09-17,29.15999984741211,29.309999465942383,28.899999618530273,29.020000457763672,3240400
2025-09-18,30.06999969482422,30.25,29.920000076293945,30.040000915527344,4258200
2025-09-19,29.360000610351562,29.489999771118164,29.290000915527344,29.479999542236328,4238600
2025-09-22,29.729999542236328,29.760000228881836,29.489999771118164,29.5,3854500
2025-09-23,29.760000228881836,29.899999618530273,29.709999084472656,29.899999618530273,3734200
2025-09-24,29.34000015258789,29.420000076293945,29.15999984741211,29.200000762939453,5517300
2025-09-25,29.829999923706055,29.90999984741211,29.469999313354492,29.719999313354492,4792300
2025-09-26,29.780000686645508,30.1200008392334,29.540000915527344,29.6200008392334,5873200
2025-09-29,29.100000381469727,29.1299991607666,28.969999313354492,29.040000915527344,3049300
2025-09-30,28.790000915527344,28.799999237060547,28.540000915527344,28.709999084472656,3455100
2025-10-01,28.739999771118164,29.010000228881836,28.729999542236328,28.790000915527344,2947300
2025-10-02,28.079999923706055,28.139999389648438,27.790000915527344,28.06999969482422,6133300
2025-10-03,28.959999084472656,29.0,28.670000076293945,28.68000030517578,4296700
2025-10-06,30.100000381469727,30.200000762939453,30.030000686645508,30.100000381469727,6413700
2025-10-07,29.739999771118164,30.0,29.690000534057617,29.81999969482422,10172000
2025-10-08,29.75,29.959999084472656,29.75,29.899999618530273,3975100
2025-10-09,29.84000015258789,30.290000915527344,29.690000534057617,30.25,5144700
2025-10-10,28.25,28.989999771118164,28.010000228881836,28.8799991607666,6862100
2025-10-13,28.8700008392334,28.969999313354492,28.559999465942383,28.59000015258789,3402900
2025-10-14,28.829999923706055,28.969999313354492,28.260000228881836,28.280000686645508,3963700
2025-10-15,28.889999389648438,29.06999969482422,28.610000610351562,28.969999313354492,2482700
2025-10-16,28.5,28.770000457763672,28.420000076293945,28.760000228881836,4430200
2025-10-17,28.899999618530273,29.059999465942383,28.6200008392334,28.639999389648438,4124600
2025-10-20,29.190000534057617,29.489999771118164,29.170000076293945,29.34000015258789,5311100
2025-10-21,29.139999389648438,29.219999313354492,28.969999313354492,29.0,2665100
2025-10-22,28.75,28.940000534057617,28.540000915527344,28.739999771118164,2899800
2025-10-23,28.709999084472656,28.8799991607666,28.59000015258789,28.799999237060547,4064100
2025-10-24,28.649999618530273,28.860000610351562,28.600000381469727,28.860000610351562,2768800
2025-10-27,28.700000762939453,28.8799991607666,28.68000030517578,28.829999923706055,1878200
2025-10-28,28.989999771118164,29.049999237060547,28.780000686645508,28.8799991607666,2073300
2025-10-29,28.18000030517578,28.469999313354492,28.059999465942383,28.459999084472656,3628600
2025-10-30,27.75,27.899999618530273,27.549999237060547,27.600000381469727,6245800
2025-10-31,27.889999389648438,28.229999542236328,27.809999465942383,28.149999618530273,3021800
2025-11-03,27.950000762939453,28.049999237060547,27.799999237060547,27.969999313354492,2581300
2025-11-04,27.90999984741211,27.959999084472656,27.690000534057617,27.719999313354492,3182400
2025-11-05,28.079999923706055,28.1200008392334,27.8799991607666,27.889999389648438,3892600
2025-11-06,28.290000915527344,28.40999984741211,28.06999969482422,28.25,2600900
2025-11-07,27.709999084472656,27.709999084472656,27.350000381469727,27.649999618530273,2968800
2025-11-10,27.969999313354492,28.059999465942383,27.799999237060547,27.940000534057617,3325000
2025-11-11,29.15999984741211,29.59000015258789,28.43000030517578,29.420000076293945,6900100
2025-11-12,30.260000228881836,30.34000015258789,29.979999542236328,30.1200008392334,5464600
2025-11-13,29.440000534057617,30.010000228881836,29.43000030517578,30.0,5123300
2025-11-14,30.1200008392334,30.329999923706055,29.850000381469727,29.969999313354492,5121500
2025-11-17,29.09000015258789,29.40999984741211,28.8799991607666,29.270000457763672,3908300
2025-11-18,28.670000076293945,28.81999969482422,28.420000076293945,28.579999923706055,3137000
2025-11-19,28.549999237060547,28.610000610351562,28.06999969482422,28.190000534057617,5382600
2025-11-20,27.75,28.68000030517578,27.75,28.540000915527344,5021700
2025-11-21,28.530000686645508,28.829999923706055,28.360000610351562,28.68000030517578,3959900
2025-11-24,29.010000228881836,29.049999237060547,28.56999969482422,28.6200008392334,2859900
2025-11-25,28.600000381469727,28.610000610351562,28.079999923706055,28.1200008392334,3038700
2025-11-26,29.079999923706055,29.239999771118164,29.059999465942383,29.110000610351562,2933800
2025-11-28,29.350000381469727,29.360000610351562,29.209999084472656,29.280000686645508,1250800
2025-12-01,28.780000686645508,28.8700008392334,28.530000686645508,28.65999984741211,5589800
2025-12-02,28.56999969482422,28.829999923706055,28.489999771118164,28.829999923706055,3187100
2025-12-03,28.459999084472656,28.469999313354492,28.020000457763672,28.149999618530273,3461300
2025-12-04,28.290000915527344,28.56999969482422,28.219999313354492,28.530000686645508,2812800
2025-12-05,28.030000686645508,28.170000076293945,27.959999084472656,28.06999969482422,3012600
2025-12-08,27.549999237060547,27.799999237060547,27.530000686645508,27.700000762939453,3198800
2025-12-09,27.559999465942383,27.81999969482422,27.540000915527344,27.75,2901200
2025-12-10,27.079999923706055,27.1299991607666,26.739999771118164,26.81999969482422,4940500
2025-12-11,26.729999542236328,26.93000030517578,26.65999984741211,26.75,5588100
2025-12-12,26.770000457763672,26.90999984741211,26.59000015258789,26.8700008392334,4069900
2025-12-15,26.639999389648438,26.860000610351562,26.610000610351562,26.860000610351562,3347300
2025-12-16,26.450000762939453,26.59000015258789,26.299999237060547,26.329999923706055,3381600
2025-12-17,25.959999084472656,26.229999542236328,25.90999984741211,26.200000762939453,5770800
2025-12-18,25.90999984741211,26.239999771118164,25.889999389648438,26.190000534057617,4962000
2025-12-19,25.399999618530273,25.670000076293945,25.3700008392334,25.6200008392334,5702800
2025-12-22,25.229999542236328,25.3799991607666,25.110000610351562,25.200000762939453,6448600
2025-12-23,25.760000228881836,26.0,25.690000534057617,25.899999618530273,5609300
2025-12-24,25.700000762939453,25.729999542236328,25.479999542236328,25.5,1796300
2025-12-26,25.81999969482422,25.860000610351562,25.729999542236328,25.770000457763672,2248300
2025-12-29,25.770000457763672,25.850000381469727,25.670000076293945,25.68000030517578,2805400
2025-12-30,25.719999313354492,25.8700008392334,25.709999084472656,25.790000915527344,2437800
2025-12-31,25.600000381469727,25.700000762939453,25.549999237060547,25.670000076293945,2054900
2026-01-02,25.8799991607666,25.989999771118164,25.670000076293945,25.93000030517578,3030600
2026-01-05,25.829999923706055,26.149999618530273,25.81999969482422,26.06999969482422,4253400
2026-01-06,25.739999771118164,26.06999969482422,25.59000015258789,26.06999969482422,5968300
2026-01-07,25.1200008392334,25.40999984741211,25.079999923706055,25.40999984741211,5518500
2026-01-08,25.25,25.290000915527344,25.049999237060547,25.100000381469727,3785900
2026-01-09,25.040000915527344,25.170000076293945,24.899999618530273,24.979999542236328,5190700
2026-01-12,25.18000030517578,25.329999923706055,25.09000015258789,25.139999389648438,3639500
2026-01-13,24.40999984741211,24.5,24.260000228881836,24.389999389648438,6205300
2026-01-14,24.09000015258789,24.25,24.020000457763672,24.25,3814300
2026-01-15,24.1200008392334,24.639999389648438,24.06999969482422,24.610000610351562,9476600
2026-01-16,24.049999237060547,24.190000534057617,23.93000030517578,24.18000030517578,5238600
2026-01-20,23.719999313354492,23.959999084472656,23.549999237060547,23.549999237060547,9451900
2026-01-21,23.68000030517578,23.809999465942383,23.360000610351562,23.5,5703100
2026-01-22,22.959999084472656,23.09000015258789,22.850000381469727,23.040000915527344,9550100
2026-01-23,23.09000015258789,23.18000030517578,22.739999771118164,22.799999237060547,6203300
2026-01-26,22.959999084472656,23.1299991607666,22.93000030517578,23.079999923706055,5546100
2026-01-27,22.600000381469727,22.729999542236328,22.440000534057617,22.65999984741211,6685000
2026-01-28,22.280000686645508,22.399999618530273,22.1299991607666,22.280000686645508,7569300
2026-01-29,22.290000915527344,22.520000457763672,22.139999389648438,22.489999771118164,9212900
2026-01-30,22.100000381469727,22.440000534057617,21.799999237060547,22.40999984741211,10641400
2026-02-02,22.1200008392334,22.260000228881836,22.0,22.09000015258789,7134200
2026-02-03,21.93000030517578,22.3700008392334,21.84000015258789,22.360000610351562,7780300
2026-02-04,21.90999984741211,22.1299991607666,21.520000457763672,21.610000610351562,12618500
2026-02-05,21.239999771118164,21.59000015258789,21.18000030517578,21.469999313354492,9906400
2026-02-06,22.260000228881836,22.84000015258789,21.920000076293945,22.84000015258789,14121300
2026-02-09,22.329999923706055,22.350000381469727,21.989999771118164,22.1299991607666,5848800
2026-02-10,22.829999923706055,23.219999313354492,22.799999237060547,23.030000686645508,6384600
2026-02-11,22.950000762939453,23.149999618530273,22.68000030517578,23.059999465942383,5118100
2026-02-12,22.8700008392334,23.469999313354492,22.649999618530273,23.360000610351562,7982600
2026-02-13,23.190000534057617,23.3799991607666,23.110000610351562,23.350000381469727,6887800
2026-02-17,22.81999969482422,22.889999389648438,22.59000015258789,22.709999084472656,4929000
2026-02-18,22.5,22.68000030517578,22.489999771118164,22.600000381469727,4946000
2026-02-19,22.25,22.290000915527344,22.059999465942383,22.1299991607666,4366400
2026-02-20,21.93000030517578,21.940000534057617,21.520000457763672,21.59000015258789,5430500
2026-02-23,21.670000076293945,21.950000762939453,21.579999923706055,21.799999237060547,4776000
2026-02-24,21.600000381469727,21.6200008392334,21.229999542236328,21.329999923706055,5321000
2026-02-25,21.40999984741211,21.459999084472656,21.25,21.25,5031800
2026-02-26,22.59000015258789,22.649999618530273,22.1200008392334,22.1299991607666,7239300
2026-02-27,23.059999465942383,23.149999618530273,22.84000015258789,23.040000915527344,6082400
2026-03-02,22.690000534057617,22.790000915527344,22.299999237060547,22.43000030517578,7155200
2026-03-03,21.579999923706055,21.649999618530273,20.8700008392334,20.969999313354492,12244700
2026-03-04,21.989999771118164,22.239999771118164,21.84000015258789,22.049999237060547,6244800
2026-03-05,21.3700008392334,21.649999618530273,21.200000762939453,21.559999465942383,7898100
2026-03-06,21.479999542236328,21.6299991607666,21.34000015258789,21.399999618530273,3956100
2026-03-09,21.6200008392334,21.68000030517578,21.0,21.110000610351562,6449900
2026-03-10,21.68000030517578,21.979999542236328,21.559999465942383,21.690000534057617,6905900
2026-03-11,21.489999771118164,21.670000076293945,21.389999389648438,21.639999389648438,4798800
2026-03-12,21.459999084472656,21.729999542236328,21.440000534057617,21.690000534057617,5821000
2026-03-13,21.489999771118164,21.770000457763672,21.459999084472656,21.670000076293945,4178100
2026-03-16,21.649999618530273,21.729999542236328,21.399999618530273,21.479999542236328,4147100
2026-03-17,20.920000076293945,21.329999923706055,20.889999389648438,21.200000762939453,5743300
2026-03-18,20.3799991607666,20.700000762939453,20.31999969482422,20.469999313354492,5195100
2026-03-19,20.6200008392334,20.719999313354492,20.260000228881836,20.299999237060547,4789600
2026-03-20,20.219999313354492,20.700000762939453,20.1299991607666,20.65999984741211,4934300
2026-03-23,20.68000030517578,20.850000381469727,20.56999969482422,20.65999984741211,4935500
2026-03-24,20.56999969482422,20.719999313354492,20.3799991607666,20.40999984741211,3709600
2026-03-25,20.540000915527344,20.790000915527344,20.440000534057617,20.600000381469727,4065600
2026-03-26,20.030000686645508,20.329999923706055,19.979999542236328,20.190000534057617,3436000
2026-03-27,19.90999984741211,20.110000610351562,19.739999771118164,19.860000610351562,5673900
2026-03-30,19.920000076293945,20.299999237060547,19.81999969482422,19.979999542236328,5372100
2026-03-31,20.700000762939453,20.729999542236328,20.299999237060547,20.3799991607666,5687700
2026-04-01,21.1200008392334,21.43000030517578,21.110000610351562,21.25,5609800
2026-04-02,21.139999389648438,21.209999084472656,20.6299991607666,20.690000534057617,4236500
2026-04-06,20.780000686645508,20.829999923706055,20.639999389648438,20.649999618530273,3279800
2026-04-07,20.8799991607666,20.899999618530273,20.6299991607666,20.81999969482422,4280700
2026-04-08,21.3799991607666,21.719999313354492,21.309999465942383,21.68000030517578,5400300
2026-04-09,21.420000076293945,21.489999771118164,21.100000381469727,21.219999313354492,3004200
2026-04-10,21.049999237060547,21.100000381469727,20.940000534057617,21.0,2924600
2026-04-13,21.049999237060547,21.059999465942383,20.479999542236328,20.479999542236328,6746200
2026-04-14,20.950000762939453,21.010000228881836,20.729999542236328,20.75,4382900
2026-04-15,21.239999771118164,21.299999237060547,21.010000228881836,21.010000228881836,3747300
2026-04-16,21.459999084472656,21.520000457763672,21.309999465942383,21.34000015258789,3940400
2026-04-17,21.700000762939453,22.049999237060547,21.700000762939453,21.81999969482422,3832300
2026-04-20,21.440000534057617,21.530000686645508,21.350000381469727,21.5,3495000
2026-04-21,20.780000686645508,21.149999618530273,20.770000457763672,21.149999618530273,4282400
2026-04-22,20.84000015258789,21.09000015258789,20.770000457763672,20.969999313354492,3733100
2026-04-23,20.489999771118164,20.700000762939453,20.299999237060547,20.6200008392334,4902500
2026-04-24,20.280000686645508,20.309999465942383,20.0,20.299999237060547,7408800
2026-04-27,20.139999389648438,20.34000015258789,20.030000686645508,20.110000610351562,5981100
2026-04-28,19.969999313354492,20.229999542236328,19.8700008392334,20.209999084472656,5385500
2026-04-29,19.780000686645508,20.020000457763672,19.729999542236328,19.959999084472656,9342300
2026-04-30,20.09000015258789,20.190000534057617,19.6299991607666,19.729999542236328,7334800
2026-05-01,19.780000686645508,20.040000915527344,19.780000686645508,19.90999984741211,5054600
2026-05-04,19.639999389648438,19.979999542236328,19.6299991607666,19.889999389648438,5104700
2026-05-05,20.1200008392334,20.280000686645508,19.670000076293945,19.780000686645508,10166400
2026-05-06,20.729999542236328,20.81999969482422,20.3700008392334,20.540000915527344,10934600
2026-05-07,19.889999389648438,20.25,19.829999923706055,20.25,8649000
2026-05-08,20.149999618530273,20.8700008392334,20.059999465942383,20.270000457763672,13256700
2026-05-11,21.290000915527344,21.6299991607666,21.190000534057617,21.510000228881836,16234300
2026-05-12,22.15999984741211,22.290000915527344,21.81999969482422,21.8799991607666,12735400
2026-05-13,22.790000915527344,22.979999542236328,22.6299991607666,22.959999084472656,12793600
2026-05-14,22.1200008392334,22.209999084472656,22.010000228881836,22.139999389648438,8154100
2026-05-15,22.309999465942383,22.670000076293945,22.290000915527344,22.510000228881836,8111300
2026-05-18,22.709999084472656,22.8700008392334,22.549999237060547,22.719999313354492,6994700
2026-05-19,22.760000228881836,23.280000686645508,22.739999771118164,23.18000030517578,8027700
2026-05-20,22.81999969482422,22.829999923706055,22.469999313354492,22.780000686645508,4497600
2026-05-21,22.559999465942383,22.59000015258789,22.100000381469727,22.139999389648438,6681800
2026-05-22,22.139999389648438,22.510000228881836,22.020000457763672,22.15999984741211,10353200
2026-05-26,22.15999984741211,22.420000076293945,22.139999389648438,22.270000457763672,6810700
2026-05-27,21.860000610351562,22.06999969482422,21.81999969482422,22.0,5338900
2026-05-28,21.719999313354492,21.90999984741211,21.559999465942383,21.610000610351562,6537800
2026-05-29,21.56999969482422,21.719999313354492,21.530000686645508,21.6299991607666,6151000
2026-06-01,22.56999969482422,22.639999389648438,22.079999923706055,22.1299991607666,8600300
2026-06-02,22.790000915527344,23.0,22.739999771118164,22.809999465942383,5720600
2026-06-03,22.200000762939453,22.530000686645508,22.139999389648438,22.510000228881836,4252900
2026-06-04,22.229999542236328,22.31999969482422,22.0,22.020000457763672,5476400
2026-06-05,21.889999389648438,22.270000457763672,21.8700008392334,22.190000534057617,4884400
2026-06-08,22.149999618530273,22.239999771118164,22.06999969482422,22.079999923706055,4416200
2026-06-09,21.309999465942383,21.6200008392334,21.219999313354492,21.579999923706055,6558400
2026-06-10,20.760000228881836,21.190000534057617,20.729999542236328,21.190000534057617,6537100
2026-06-11,21.149999618530273,21.270000457763672,20.790000915527344,20.81999969482422,6822700
2026-06-12,20.530000686645508,20.899999618530273,20.459999084472656,20.850000381469727,6500600
2026-06-15,20.399999618530273,20.649999618530273,20.329999923706055,20.56999969482422,6028000
2026-06-16,20.3799991607666,20.399999618530273,20.260000228881836,20.299999237060547,3632900
2026-06-17,20.239999771118164,20.700000762939453,20.219999313354492,20.399999618530273,4980400
2026-06-18,20.329999923706055,20.360000610351562,20.100000381469727,20.15999984741211,5524900
2026-06-22,19.510000228881836,19.940000534057617,19.469999313354492,19.829999923706055,9419400
2026-06-23,19.639999389648438,19.68000030517578,19.389999389648438,19.479999542236328,5880000
2026-06-24,20.010000228881836,20.270000457763672,19.959999084472656,20.110000610351562,5416800
2026-06-25,19.31999969482422,19.790000915527344,19.31999969482422,19.770000457763672,6698500
2026-06-26,19.709999084472656,19.889999389648438,19.670000076293945,19.68000030517578,5312300
2026-06-29,20.43000030517578,20.440000534057617,20.219999313354492,20.290000915527344,5546200
2026-06-30,20.059999465942383,20.200000762939453,20.030000686645508,20.15999984741211,5628000
2026-07-01,20.209999084472656,20.260000228881836,19.940000534057617,19.969999313354492,4725200
2026-07-02,20.790000915527344,20.799999237060547,20.559999465942383,20.639999389648438,5584700
2026-07-06,21.15999984741211,21.190000534057617,20.940000534057617,21.100000381469727,5016000
2026-07-07,21.399999618530273,21.649999618530273,21.360000610351562,21.579999923706055,4637000
2026-07-08,21.149999618530273,21.350000381469727,21.049999237060547,21.239999771118164,4961400
2026-07-09,20.93000030517578,21.0,20.809999465942383,20.899999618530273,3858900
2026-07-10,20.850000381469727,20.93000030517578,20.649999618530273,20.770000457763672,4625400
2026-07-13,20.68000030517578,20.860000610351562,20.65999984741211,20.65999984741211,4657000
2026-07-14,20.799999237060547,21.010000228881836,20.799999237060547,20.850000381469727,4229200
2026-07-15,20.709999084472656,20.899999618530273,20.65999984741211,20.889999389648438,3046900
2026-07-16,21.389999389648438,21.399999618530273,21.0,21.0,4574700
2026-07-17,21.1200008392334,21.31999969482422,21.110000610351562,21.209999084472656,3739500
2026-07-20,21.149999618530273,21.459999084472656,21.1299991607666,21.329999923706055,5237800
2026-07-21,21.020000457763672,21.239999771118164,21.020000457763672,21.229999542236328,3363000
2026-07-22,20.920000076293945,21.15999984741211,20.920000076293945,21.149999618530273,2718400
2026-07-23,20.690000534057617,20.850000381469727,20.579999923706055,20.719999313354492,3972600
2026-07-24,20.979999542236328,21.149999618530273,20.790000915527344,20.790000915527344,3872800
2026-07-27,22.290000915527344,22.43000030517578,21.739999771118164,21.75,7494900
2026-07-28,22.709999084472656,22.739999771118164,22.200000762939453,22.200000762939453,9777100
2026-07-29,23.270000457763672,23.549999237060547,22.93000030517578,23.100000381469727,9040600
2026-07-30,22.770000457763672,23.40999984741211,22.729999542236328,23.309999465942383,7715300
2026-07-31,23.260000228881836,23.979999542236328,22.639999389648438,23.889999389648438,9674300
2026-08-03,22.6299991607666,22.969999313354492,22.559999465942383,22.700000762939453,5736700
2026-08-04,22.350000381469727,22.5,22.219999313354492,22.3700008392334,7056900
2026-08-05,22.440000534057617,22.739999771118164,22.399999618530273,22.549999237060547,4230300
2026-08-06,23.100000381469727,23.110000610351562,22.81999969482422,22.8799991607666,5511800
2026-08-07,23.459999084472656,23.600000381469727,23.31999969482422,23.510000228881836,4414600
2026-08-10,23.81999969482422,23.8700008392334,23.59000015258789,23.719999313354492,4567000
2026-08-11,23.610000610351562,23.809999465942383,23.520000457763672,23.719999313354492,3757400
2026-08-12,23.540000915527344,23.649999618530273,23.350000381469727,23.56999969482422,4107100
2026-08-13,23.610000610351562,23.649999618530273,23.18000030517578,23.229999542236328,4299300
2026-08-14,24.290000915527344,24.670000076293945,24.200000762939453,24.43000030517578,5821900
2026-08-17,23.700000762939453,23.81999969482422,23.56999969482422,23.81999969482422,4180900
2026-08-18,23.43000030517578,23.489999771118164,23.299999237060547,23.389999389648438,3751400
2026-08-19,23.489999771118164,23.8700008392334,23.43000030517578,23.489999771118164,3854000
2026-08-20,23.579999923706055,23.68000030517578,23.5,23.610000610351562,3686000
2026-08-21,23.920000076293945,24.079999923706055,23.739999771118164,23.760000228881836,3718400
2026-08-24,24.260000228881836,24.31999969482422,24.100000381469727,24.149999618530273,3191700
